Gen,Family,follicle.count,TV.follicles.mm3,TV.follicles.microns
G0,1,1,0.042758175,42.758175
G0,1,2,0.043993336,43.993336
G0,1,3,0.04210277,42.10277
G0,1,4,0.041823944,41.823944
G0,1,5,0.04447466,44.47466
G0,1,6,0.02845591,28.45591
G0,1,7,0.04228934,42.28934
G0,1,8,0.059184082,59.184082
G0,1,9,0.044959481,44.959481
G0,1,10,0.039103095,39.103095
G0,2,1,0.061913409,61.91340912
G0,2,2,0.063125779,63.12577859
G0,2,3,0.055858646,55.85864573
G0,2,4,0.062275475,62.27547492
G0,2,5,0.029325471,29.32547126
G0,2,6,0.033060052,33.06005152
G0,2,7,0.055298195,55.29819529
G0,2,8,0.044668168,44.66816763
G0,5,1,0.030362136,30.36213604
G0,5,2,0.029398724,29.39872386
G0,5,3,0.041823944,41.82394422
G0,5,4,0.028961033,28.96103298
G0,5,5,0.027533472,27.53347236
G0,5,6,0.035745936,35.74593556
G0,5,7,0.063983787,63.98378722
G0,5,8,0.030512196,30.51219574
G0,5,9,0.023344639,23.34463938
G0,5,10,0.043135729,43.13572886
G0,6,1,0.083401822,83.40182248
G0,6,2,0.039727069,39.72706856
G0,6,3,0.028098727,28.0987272
G0,6,4,0.06215463,62.15462992
G0,6,5,0.065848484,65.84848403
G0,6,6,0.063737854,63.73785365
G0,6,7,0.048759761,48.75976062
G0,6,8,0.029545595,29.54559482
G0,6,9,0.041269992,41.26999195
G0,6,10,0.029914911,29.9149105
G0,7,1,0.051373216,51.37321596
G0,7,2,0.041361976,41.36197555
G0,7,3,0.054409293,54.40929303
G0,7,4,0.021688036,21.68803619
G0,7,5,0.048452237,48.45223676
G0,7,6,0.038573489,38.57348891
G0,7,7,0.022292126,22.29212552
G0,7,8,0.017657521,17.65752069
G0,7,9,0.022231218,22.2312181
G0,7,10,0.013408017,13.40801716
G0,8,1,0.047841074,47.84107354
G0,8,2,0.022721595,22.72159514
G0,8,3,0.042195986,42.19598604
G0,8,4,0.031346369,31.34636928
G0,8,5,0.036249392,36.2493921
G0,8,6,0.024820641,24.82064088
G0,8,7,0.016987707,16.98770699
G0,8,8,0.023031713,23.03171275
G0,8,9,0.010891127,10.89112705
G0,8,10,0.014615386,14.61538631
G0,9,1,0.027744546,27.74454576
G0,9,2,0.023470599,23.47059939
G0,9,3,0.015941846,15.94184635
G0,9,4,0.028671666,28.67166594
G0,9,5,0.019049509,19.04950897
G0,9,6,0.023597012,23.59701169
G0,9,7,0.03219561,32.19560959
G0,9,8,0.03467115,34.67115014
G0,9,9,0.026018218,26.01821809
G0,11,1,0.067877052,67.87705167
G0,11,2,0.060835637,60.83563723
G0,11,3,0.024689892,24.68989151
G0,11,4,0.046236478,46.23647752
G0,11,5,0.048350017,48.35001689
G0,11,6,0.027184067,27.184067
G0,11,7,0.041638746,41.63874622
G0,11,8,0.038485689,38.48568889
G0,11,9,0.037356385,37.35638512
G0,11,10,0.042852356,42.85235637
G0,11,11,0.021988698,21.98869787
G0,11,12,0.011196468,11.19646822
G0,12,1,0.071526529,71.52652874
G0,12,2,0.029325471,29.32547126
G0,12,3,0.042570228,42.57022764
G0,12,4,0.050107404,50.1074038
G0,12,5,0.060006072,60.00607187
G0,12,6,0.043420348,43.42034786
G0,12,7,0.026906681,26.90668072
G0,12,8,0.0243004,24.30040002
G0,12,9,0.037961685,37.96168524
G0,12,10,0.032980834,32.98083418
G0,13,1,0.025215657,25.21565699
G0,13,2,0.023597012,23.59701169
G0,13,3,0.027603711,27.60371077
G0,13,4,0.028599627,28.59962661
G0,13,5,0.027815143,27.81514254
G0,13,6,0.023344639,23.34463938
G0,13,7,0.025548021,25.5480208
G0,13,8,0.029989141,29.98914102
G0,13,9,0.018451993,18.45199257
G0,13,10,0.02449463,24.49462965
G0,13,11,0.0243004,24.30040002
G0,13,12,0.017762106,17.76210593
G0,14,1,0.039191831,39.19183087
G0,14,2,0.032901743,32.90174348
G0,14,3,0.020570524,20.57052401
G0,14,4,0.032822779,32.82277933
G0,14,5,0.035495965,35.49596489
G0,14,6,0.031346369,31.34636928
G0,14,7,0.028027651,28.0276512
G0,14,8,0.039014493,39.01449254
G0,14,9,0.032351646,32.3516462
G0,14,10,0.035495965,35.49596489
G0,14,11,0.034263578,34.26357812
G0,16,1,0.036672533,36.67253251
G0,16,2,0.029840803,29.84080258
G0,16,3,0.028241239,28.2412395
G0,16,4,0.01888529,18.88528997
G0,16,5,0.012146625,12.14662506
G0,16,6,0.028027651,28.0276512
G0,16,7,0.015893144,15.89314421
G0,16,8,0.022292126,22.29212552
G0,16,9,0.022598332,22.59833178
G0,16,10,0.025149532,25.14953205
G0,16,11,0.051906867,51.906867
G0,16,12,0.044862236,44.86223615
G0,17,1,0.040357645,40.35764527
G0,17,2,0.032273565,32.27356503
G0,17,3,0.048146009,48.14600865
G0,17,4,0.037961685,37.96168524
G0,17,5,0.022783395,22.78339455
G0,17,6,0.018451993,18.45199257
G0,17,7,0.014986553,14.98655321
G0,17,8,0.025281898,25.28189774
G0,17,9,0.035662482,35.66248205
G0,17,10,0.034507736,34.50773571
G0,17,11,0.036081052,36.08105154
G0,17,12,0.007267289,7.267289345
G0,18,1,0.043041133,43.041133
G0,18,2,0.035579159,35.57915853
G0,18,3,0.022109736,22.10973631
G0,18,4,0.027045137,27.04513678
G0,18,5,0.030587411,30.58741066
G0,18,6,0.049690134,49.69013403
G0,18,7,0.036502883,36.50288343
G0,18,8,0.06215463,62.15462992
G0,18,9,0.034426221,34.42622141
G0,18,10,0.074076019,74.07601913
G0,18,11,0.049378707,49.37870652
G0,18,12,0.037874816,37.87481643
G0,19,1,0.037615005,37.61500534
G0,19,2,0.019547872,19.54787234
G0,19,3,0.040539028,40.53902768
G0,19,4,0.035329967,35.32996689
G0,19,5,0.042570228,42.57022764
G0,19,6,0.038223088,38.22308843
G0,19,7,0.048350017,48.35001689
G0,19,8,0.036842706,36.8427064
G0,19,9,0.055521923,55.52192339
G0,19,10,0.021747948,21.74794786
G0,19,11,0.03266523,32.66523026
G0,19,12,0.034917238,34.91723783
G0,20,1,0.03096534,30.96533982
G0,20,2,0.048452237,48.45223676
G0,20,3,0.064477551,64.47755061
G0,20,4,0.029989141,29.98914102
G0,20,5,0.026494149,26.49414941
G0,20,6,0.077942496,77.9424962
G0,20,7,0.034999525,34.99952508
G0,20,8,0.080785108,80.78510849
G0,20,9,0.039906558,39.90655805
G0,20,10,0.036165157,36.16515652
G0,20,11,0.045841014,45.84101444
G0,20,12,0.026221484,26.2214845
G0,21,1,0.051266927,51.26692658
G0,21,2,0.042195986,42.19598604
G0,21,3,0.024559602,24.55960211
G0,21,4,0.037615005,37.61500534
G0,21,5,0.018291231,18.29123072
G0,21,6,0.02180797,21.80796976
G0,21,7,0.046634208,46.63420849
G0,21,8,0.034344836,34.34483558
G0,21,9,0.023344639,23.34463938
G0,22,1,0.036587642,36.58764242
G0,22,2,0.027885859,27.88585897
G0,22,3,0.031041297,31.04129728
G0,22,4,0.032273565,32.27356503
G0,22,5,0.01623615,16.23615
G0,22,6,0.019659787,19.65978737
G0,22,7,0.040720953,40.72095274
G0,22,8,0.033859213,33.85921278
G0,22,9,0.035412901,35.41290105
G0,22,10,0.032508186,32.50818615
G0,22,11,0.027533472,27.53347236
G0,23,1,0.039727069,39.72706856
G0,23,2,0.027885859,27.88585897
G0,23,3,0.02568178,25.6817798
G0,23,4,0.027184067,27.184067
G0,23,5,0.036418255,36.41825545
G0,23,6,0.027815143,27.81514254
G0,23,7,0.035829519,35.82951917
G0,23,8,0.038310489,38.31048875
G0,23,9,0.02656261,26.56260971
G0,23,10,0.023470599,23.47059939
G0,23,11,0.019380797,19.38079742
G0,23,12,0.028312676,28.31267599
G0,24,1,0.042009691,42.00969056
G0,24,2,0.032980834,32.98083418
G0,24,3,0.040267157,40.26715731
G0,24,4,0.035247162,35.24716231
G0,24,5,0.041269992,41.26999195
G0,24,6,0.027956695,27.95669515
G0,24,7,0.025414727,25.41472705
G0,24,8,0.025215657,25.21565699
G0,24,9,0.026425807,26.42580684
G0,24,10,0.021868102,21.86810199
G0,27,1,0.041178145,41.17814482
G0,27,2,0.025281898,25.28189774
G0,27,3,0.039280701,39.2807012
G0,27,4,0.028816107,28.81610731
G0,27,5,0.038749489,38.74948934
G0,27,6,0.024689892,24.68989151
G0,27,7,0.040267157,40.26715731
G0,27,8,0.055298195,55.29819529
G0,27,9,0.033378189,33.37818938
G0,27,10,0.027744546,27.74454576
G0,27,11,0.038485689,38.48568889
G0,31,1,0.025083523,25.08352281
G0,31,2,0.022536868,22.53686763
G0,31,3,0.031117379,31.11737886
G0,31,4,0.027674069,27.67406854
G0,31,5,0.03013797,30.13797023
G0,31,6,0.023407563,23.4075629
G0,31,7,0.027744546,27.74454576
G0,31,8,0.038398022,38.39802221
G0,31,9,0.029179331,29.17933131
G0,31,10,0.023031713,23.03171275
G0,31,11,0.027603711,27.60371077
G0,31,12,0.025614842,25.6148421
G0,32,1,0.035164487,35.16448722
G0,32,2,0.025017629,25.01762918
G0,32,3,0.037874816,37.87481643
G0,32,4,0.021508962,21.50896157
G0,32,5,0.032273565,32.27356503
G0,32,6,0.029840803,29.84080258
G0,32,7,0.029179331,29.17933131
G0,32,8,0.030889506,30.88950637
G0,32,9,0.035913233,35.91323296
G0,32,10,0.022292126,22.29212552
G0,32,11,0.02180797,21.80796976
G0,33,1,0.042570228,42.57022764
G0,33,2,0.019159515,19.15951548
G0,33,3,0.039014493,39.01449254
G0,33,4,0.048657109,48.65710853
G0,33,5,0.045841014,45.84101444
G0,33,6,0.036842706,36.8427064
G0,33,7,0.033458041,33.45804147
G0,33,8,0.033618128,33.61812752
G0,33,9,0.041638746,41.63874622
G0,33,10,0.043420348,43.42034786
G0,34,1,0.040448269,40.44826869
G0,34,2,0.02845591,28.45591017
G0,34,3,0.018667803,18.66780317
G0,34,4,0.02725371,27.25371018
G0,34,5,0.033458041,33.45804147
G0,34,6,0.035164487,35.16448722
G0,34,7,0.023031713,23.03171275
G0,34,8,0.034426221,34.42622141
G0,34,9,0.017657521,17.65752069
G0,34,10,0.027393353,27.39335317
G0,34,11,0.020686305,20.6863053
G0,35,1,0.056196727,56.19672673
G0,35,2,0.054852544,54.85254375
G0,35,3,0.036672533,36.67253251
G0,35,4,0.051054788,51.05478784
G0,35,5,0.036418255,36.41825545
G0,35,6,0.037270443,37.27044255
G0,35,7,0.054741506,54.74150625
G0,35,8,0.015796038,15.79603769
G0,35,9,0.024624689,24.62468936
G0,38,1,0.034917238,34.91723783
G0,38,2,0.037356385,37.35638512
G0,38,3,0.038926024,38.92602433
G0,38,4,0.019715905,19.71590471
G0,38,5,0.022109736,22.10973631
G0,38,6,0.014295686,14.29568619
G0,38,7,0.057333511,57.33351109
G0,38,8,0.04228934,42.28933995
G0,38,9,0.040176805,40.17680471
G0,38,10,0.02683763,26.83763024
G0,39,1,0.037098953,37.09895306
G0,39,2,0.027184067,27.184067
G0,39,3,0.018184577,18.18457658
G0,39,4,0.023533749,23.53374895
G0,39,5,0.027744546,27.74454576
G0,39,6,0.029619213,29.61921337
G0,39,7,0.022907329,22.90732933
G0,39,8,0.025481316,25.48131582
G0,39,9,0.026221484,26.2214845
G0,39,10,0.033298464,33.29846444
G0,39,11,0.022049162,22.04916172
G0,39,12,0.020977657,20.97765746
G0,40,1,0.027956695,27.95669515
G0,40,2,0.025816005,25.81600486
G0,40,3,0.038926024,38.92602433
G0,40,4,0.034999525,34.99952508
G0,40,5,0.021271733,21.27173252
G0,40,6,0.025348254,25.34825439
G0,40,7,0.036249392,36.2493921
G0,40,8,0.038048687,38.04868678
G0,40,9,0.053420723,53.42072327
G0,40,10,0.032351646,32.3516462
G0,40,11,0.045939668,45.93966795
G0,42,1,0.025083523,25.08352281
G0,42,2,0.058369634,58.36963404
G0,42,3,0.035662482,35.66248205
G0,42,4,0.051906867,51.906867
G0,42,5,0.032508186,32.50818615
G0,42,6,0.02449463,24.49462965
G0,42,7,0.028961033,28.96103298
G0,42,8,0.030889506,30.88950637
G0,42,9,0.02845591,28.45591017
G0,42,10,0.021568543,21.56854314
G0,43,1,0.055971188,55.9711883
G0,43,2,0.036672533,36.67253251
G0,43,3,0.038398022,38.39802221
G0,43,4,0.034263578,34.26357812
G0,43,5,0.033698362,33.69836169
G0,43,6,0.036842706,36.8427064
G0,43,7,0.034182449,34.18244892
G0,43,8,0.036165157,36.16515652
G0,43,9,0.041546353,41.54635258
G0,43,10,0.037615005,37.61500534
G0,44,1,0.043420348,43.42034786
G0,44,2,0.040448269,40.44826869
G0,44,3,0.047841074,47.84107354
G0,44,4,0.047335714,47.33571429
G0,44,5,0.043135729,43.13572886
G0,44,6,0.042195986,42.19598604
G0,44,7,0.045252058,45.2520579
G0,44,8,0.042852356,42.85235637
G0,44,9,0.04958618,49.5861798
G0,44,10,0.050527003,50.52700306
G0,44,11,0.048146009,48.14600865
G0,45,1,0.037874816,37.87481643
G0,45,2,0.038223088,38.22308843
G0,45,3,0.042852356,42.85235637
G0,45,4,0.034344836,34.34483558
G0,45,5,0.036249392,36.2493921
G0,45,6,0.040539028,40.53902768
G0,45,7,0.030889506,30.88950637
G0,45,8,0.042009691,42.00969056
G0,45,9,0.033458041,33.45804147
G0,45,10,0.042758175,42.7581754
G0,45,11,0.038135821,38.13582114
Inb.1,1,1,0.014341069,14.34106928
Inb.1,1,2,0.015796038,15.79603769
Inb.1,1,3,0.022170422,22.17042173
Inb.1,1,4,0.016936896,16.93689634
Inb.1,1,5,0.024043028,24.04302812
Inb.1,1,6,0.020455176,20.45517555
Inb.1,1,7,0.0243004,24.30040002
Inb.1,1,8,0.023470599,23.47059939
Inb.1,1,9,0.024624689,24.62468936
Inb.1,1,10,0.011984672,11.98467221
Inb.1,1,11,0.016584056,16.58405579
Inb.1,1,12,0.00880885,8.808850473
Inb.1,2,1,0.030362136,30.36213604
Inb.1,2,2,0.03211778,32.11777979
Inb.1,2,3,0.032980834,32.98083418
Inb.1,2,4,0.043135729,43.13572886
Inb.1,2,5,0.027885859,27.88585897
Inb.1,2,6,0.010517323,10.51732293
Inb.1,2,7,0.030738211,30.73821109
Inb.1,2,8,0.022049162,22.04916172
Inb.1,2,9,0.037961685,37.96168524
Inb.1,2,10,0.022353144,22.35314407
Inb.1,2,11,0.012724941,12.7249409
Inb.1,2,12,0.021212699,21.21269907
Inb.1,5,1,0.034101448,34.10144789
Inb.1,5,2,0.03157648,31.57648038
Inb.1,5,3,0.043135729,43.13572886
Inb.1,5,4,0.041731277,41.73127673
Inb.1,5,5,0.026289474,26.28947448
Inb.1,5,6,0.038926024,38.92602433
Inb.1,5,7,0.023597012,23.59701169
Inb.1,5,8,0.038310489,38.31048875
Inb.1,5,9,0.022721595,22.72159514
Inb.1,5,10,0.045841014,45.84101444
Inb.1,6,1,0.016936896,16.93689634
Inb.1,6,2,0.025414727,25.41472705
Inb.1,6,3,0.035829519,35.82951917
Inb.1,6,4,0.035913233,35.91323296
Inb.1,6,5,0.043993336,43.99333631
Inb.1,6,6,0.018451993,18.45199257
Inb.1,6,7,0.015893144,15.89314421
Inb.1,6,8,0.010703137,10.7031371
Inb.1,6,9,0.005333017,5.333016565
Inb.1,6,10,0.017867103,17.86710333
Inb.1,6,11,0.01194441,11.94441018
Inb.1,7,1,0.018451993,18.45199257
Inb.1,7,2,0.022109736,22.10973631
Inb.1,7,3,0.019049509,19.04950897
Inb.1,7,4,0.022907329,22.90732933
Inb.1,7,5,0.02378748,23.78747992
Inb.1,7,6,0.01517447,15.1744702
Inb.1,7,7,0.016534054,16.53405365
Inb.1,7,8,0.018344714,18.34471381
Inb.1,7,9,0.017397855,17.39785545
Inb.1,7,10,0.021928345,21.92834466
Inb.1,7,11,0.021688036,21.68803619
Inb.1,7,12,0.020282963,20.28296263
Inb.1,8,1,0.017919757,17.91975684
Inb.1,8,2,0.02449463,24.49462965
Inb.1,8,3,0.024365029,24.36502871
Inb.1,8,4,0.014432123,14.43212342
Inb.1,8,5,0.03211778,32.11777979
Inb.1,8,6,0.026357582,26.3575819
Inb.1,8,7,0.041361976,41.36197555
Inb.1,8,8,0.043230463,43.23046322
Inb.1,8,9,0.042382831,42.38283146
Inb.1,9,1,0.056536169,56.53616913
Inb.1,9,2,0.031269915,31.26991476
Inb.1,9,3,0.042664133,42.66413252
Inb.1,9,4,0.039996505,39.99650518
Inb.1,9,5,0.042382831,42.38283146
Inb.1,9,6,0.032586645,32.58664514
Inb.1,9,7,0.026425807,26.42580684
Inb.1,9,8,0.071129405,71.12940518
Inb.1,9,9,0.036842706,36.8427064
Inb.1,9,10,0.043041133,43.041133
Inb.1,9,11,0.02925234,29.25234044
Inb.1,11,1,0.032901743,32.90174348
Inb.1,11,2,0.031885043,31.88504316
Inb.1,11,3,0.032980834,32.98083418
Inb.1,11,4,0.031269915,31.26991476
Inb.1,11,5,0.031499652,31.49965199
Inb.1,11,6,0.040267157,40.26715731
Inb.1,11,7,0.032743942,32.74394162
Inb.1,11,8,0.063003836,63.00383571
Inb.1,11,9,0.026425807,26.42580684
Inb.1,11,10,0.029472098,29.47209835
Inb.1,11,11,0.043610788,43.61078771
Inb.1,11,12,0.054852544,54.85254375
Inb.1,12,1,0.027045137,27.04513678
Inb.1,12,2,0.015747633,15.74763311
Inb.1,12,3,0.022170422,22.17042173
Inb.1,12,4,0.017294706,17.29470638
Inb.1,12,5,0.008075173,8.075173387
Inb.1,12,6,0.017501414,17.50141385
Inb.1,12,7,0.021868102,21.86810199
Inb.1,12,8,0.023597012,23.59701169
Inb.1,12,9,0.018237852,18.23785167
Inb.1,12,10,0.02568178,25.6817798
Inb.1,12,11,0.012641224,12.64122445
Inb.1,13,1,0.03778808,37.78808024
Inb.1,13,2,0.026018218,26.01821809
Inb.1,13,3,0.042946676,42.94667553
Inb.1,13,4,0.037098953,37.09895306
Inb.1,13,5,0.037961685,37.96168524
Inb.1,13,6,0.035329967,35.32996689
Inb.1,13,7,0.044378116,44.3781155
Inb.1,13,8,0.052552111,52.55211077
Inb.1,13,9,0.021212699,21.21269907
Inb.1,13,10,0.041086434,41.08643406
Inb.1,13,11,0.03219561,32.19560959
Inb.1,14,1,0.021868102,21.86810199
Inb.1,14,2,0.036333758,36.33375838
Inb.1,14,3,0.034507736,34.50773571
Inb.1,14,4,0.01888529,18.88528997
Inb.1,14,5,0.035495965,35.49596489
Inb.1,14,6,0.023723877,23.72387707
Inb.1,14,7,0.019380797,19.38079742
Inb.1,14,8,0.012683037,12.68303663
Inb.1,14,9,0.016785072,16.78507248
Inb.1,14,10,0.047942575,47.94257508
Inb.1,16,1,0.026289474,26.28947448
Inb.1,16,2,0.05664962,56.6496196
Inb.1,16,3,0.045742502,45.74250226
Inb.1,16,4,0.027463353,27.46335319
Inb.1,16,5,0.019884897,19.88489726
Inb.1,16,6,0.040629922,40.62992232
Inb.1,16,7,0.025950697,25.95069679
Inb.1,16,8,0.059652865,59.65286503
Inb.1,16,9,0.027323472,27.32347221
Inb.1,16,10,0.062517635,62.51763463
Inb.1,16,11,0.052121358,52.12135792
Inb.1,16,12,0.057677511,57.67751125
Inb.1,17,1,0.021036254,21.03625424
Inb.1,17,2,0.035164487,35.16448722
Inb.1,17,3,0.03692799,36.92799041
Inb.1,17,4,0.038573489,38.57348891
Inb.1,17,5,0.020397663,20.39766337
Inb.1,17,6,0.026153612,26.15361184
Inb.1,17,7,0.027744546,27.74454576
Inb.1,17,8,0.037356385,37.35638512
Inb.1,17,9,0.040903421,40.90342126
Inb.1,17,10,0.026289474,26.28947448
Inb.1,17,11,0.022231218,22.2312181
Inb.1,17,12,0.020455176,20.45517555
Inb.1,18,1,0.050002868,50.00286822
Inb.1,18,2,0.047739715,47.73971537
Inb.1,18,3,0.036333758,36.33375838
Inb.1,18,4,0.034101448,34.10144789
Inb.1,18,5,0.049378707,49.37870652
Inb.1,18,6,0.046933999,46.93399892
Inb.1,18,7,0.058834112,58.83411172
Inb.1,18,8,0.039637526,39.63752599
Inb.1,18,9,0.019941442,19.94144196
Inb.1,18,10,0.023660388,23.66038769
Inb.1,18,11,0.030587411,30.58741066
Inb.1,18,12,0.059535438,59.53543816
Inb.1,19,1,0.03157648,31.57648038
Inb.1,19,2,0.042570228,42.57022764
Inb.1,19,3,0.047235071,47.23507141
Inb.1,19,4,0.029840803,29.84080258
Inb.1,19,5,0.015603013,15.6030129
Inb.1,19,6,0.052444201,52.44420093
Inb.1,19,7,0.043041133,43.041133
Inb.1,19,8,0.042758175,42.7581754
Inb.1,19,9,0.052228825,52.2288246
Inb.1,19,10,0.052876728,52.87672825
Inb.1,19,11,0.046335697,46.3356974
Inb.1,20,1,0.041916749,41.9167488
Inb.1,20,2,0.05664962,56.6496196
Inb.1,20,3,0.033378189,33.37818938
Inb.1,20,4,0.040448269,40.44826869
Inb.1,20,5,0.034426221,34.42622141
Inb.1,20,6,0.025883292,25.88329242
Inb.1,20,7,0.035412901,35.41290105
Inb.1,20,8,0.02091917,20.9191696
Inb.1,20,9,0.023281829,23.28182872
Inb.1,20,10,0.030362136,30.36213604
Inb.1,20,11,0.035495965,35.49596489
Inb.1,20,12,0.038573489,38.57348891
Inb.1,21,1,0.022049162,22.04916172
Inb.1,21,2,0.018830761,18.83076077
Inb.1,21,3,0.024171486,24.1714857
Inb.1,21,4,0.01628555,16.28555002
Inb.1,21,5,0.019049509,19.04950897
Inb.1,21,6,0.022049162,22.04916172
Inb.1,21,7,0.009690243,9.690243009
Inb.1,21,8,0.009690243,9.690243009
Inb.1,21,9,0.028743826,28.74382614
Inb.1,21,10,0.016634159,16.63415865
Inb.1,22,1,0.058834112,58.83411172
Inb.1,22,2,0.064973848,64.97384774
Inb.1,22,3,0.046335697,46.3356974
Inb.1,22,4,0.03096534,30.96533982
Inb.1,22,5,0.035247162,35.24716231
Inb.1,22,6,0.046733996,46.73399635
Inb.1,22,7,0.016534054,16.53405365
Inb.1,22,8,0.030437104,30.43710424
Inb.1,23,1,0.038048687,38.04868678
Inb.1,23,2,0.040539028,40.53902768
Inb.1,23,3,0.044378116,44.3781155
Inb.1,23,4,0.043420348,43.42034786
Inb.1,23,5,0.039280701,39.2807012
Inb.1,23,6,0.034101448,34.10144789
Inb.1,23,7,0.041178145,41.17814482
Inb.1,23,8,0.041546353,41.54635258
Inb.1,23,9,0.043420348,43.42034786
Inb.1,23,10,0.038135821,38.13582114
Inb.1,24,1,0.022231218,22.2312181
Inb.1,24,2,0.031193585,31.19358465
Inb.1,24,3,0.041731277,41.73127673
Inb.1,24,4,0.043420348,43.42034786
Inb.1,24,5,0.027674069,27.67406854
Inb.1,24,6,0.026357582,26.3575819
Inb.1,24,7,0.02397897,23.97897035
Inb.1,24,8,0.029325471,29.32547126
Inb.1,24,9,0.028312676,28.31267599
Inb.1,24,10,0.036333758,36.33375838
Inb.1,24,11,0.037874816,37.87481643
Inb.1,24,12,0.038485689,38.48568889
Inb.1,27,1,0.059770446,59.7704462
Inb.1,27,2,0.051799843,51.79984257
Inb.1,27,3,0.042382831,42.38283146
Inb.1,27,4,0.043230463,43.23046322
Inb.1,27,5,0.037874816,37.87481643
Inb.1,27,6,0.050843235,50.84323512
Inb.1,27,7,0.019603777,19.60377661
Inb.1,27,8,0.051586235,51.58623524
Inb.1,27,9,0.041086434,41.08643406
Inb.1,31,1,0.052444201,52.44420093
Inb.1,31,2,0.046634208,46.63420849
Inb.1,31,3,0.045056866,45.05686597
Inb.1,31,4,0.038573489,38.57348891
Inb.1,31,5,0.042664133,42.66413252
Inb.1,31,6,0.036672533,36.67253251
Inb.1,31,7,0.058601566,58.60156609
Inb.1,31,8,0.042195986,42.19598604
Inb.1,31,9,0.037098953,37.09895306
Inb.1,31,10,0.032351646,32.3516462
Inb.1,31,11,0.025348254,25.34825439
Inb.1,32,1,0.042195986,42.19598604
Inb.1,32,2,0.047034214,47.03421383
Inb.1,32,3,0.038310489,38.31048875
Inb.1,32,4,0.031499652,31.49965199
Inb.1,32,5,0.041638746,41.63874622
Inb.1,32,6,0.023094073,23.09407295
Inb.1,32,7,0.045545902,45.54590152
Inb.1,32,8,0.032822779,32.82277933
Inb.1,32,9,0.035745936,35.74593556
Inb.1,32,10,0.032586645,32.58664514
Inb.1,32,11,0.033859213,33.85921278
Inb.1,32,12,0.027045137,27.04513678
Inb.1,33,1,0.039458845,39.4588447
Inb.1,33,2,0.030287291,30.28729103
Inb.1,33,3,0.046733996,46.73399635
Inb.1,33,4,0.037184632,37.1846319
Inb.1,33,5,0.036418255,36.41825545
Inb.1,33,6,0.051479652,51.47965214
Inb.1,33,7,0.042664133,42.66413252
Inb.1,33,8,0.040903421,40.90342126
Inb.1,33,9,0.051799843,51.79984257
Inb.1,33,10,0.034426221,34.42622141
Inb.1,34,1,0.024235886,24.23588571
Inb.1,34,2,0.013408017,13.40801716
Inb.1,34,3,0.024755209,24.75520865
Inb.1,34,4,0.017397855,17.39785545
Inb.1,34,5,0.019884897,19.88489726
Inb.1,34,6,0.018398301,18.39830106
Inb.1,34,7,0.02397897,23.97897035
Inb.1,34,8,0.023851196,23.85119635
Inb.1,34,9,0.025083523,25.08352281
Inb.1,34,10,0.024365029,24.36502871
Inb.1,34,11,0.018994664,18.99466396
Inb.1,35,1,0.039727069,39.72706856
Inb.1,35,2,0.026018218,26.01821809
Inb.1,35,3,0.044185447,44.18544667
Inb.1,35,4,0.057104939,57.10493923
Inb.1,35,5,0.047739715,47.73971537
Inb.1,35,6,0.031422948,31.42294833
Inb.1,35,7,0.116005331,116.005331
Inb.1,35,8,0.035997077,35.99707705
Inb.1,35,9,0.025548021,25.5480208
Inb.1,38,1,0.022170422,22.17042173
Inb.1,38,2,0.01037023,10.37022965
Inb.1,38,3,0.013538755,13.5387553
Inb.1,38,4,0.014341069,14.34106928
Inb.1,38,5,0.012269043,12.26904254
Inb.1,38,6,0.017397855,17.39785545
Inb.1,38,7,0.021688036,21.68803619
Inb.1,38,8,0.022049162,22.04916172
Inb.1,38,9,0.010966935,10.96693509
Inb.1,38,10,0.00944742,9.447420196
Inb.1,38,11,0.009901659,9.901659119
Inb.1,38,12,0.010260814,10.2608143
Inb.1,39,1,0.030512196,30.51219574
Inb.1,39,2,0.025481316,25.48131582
Inb.1,39,3,0.033538021,33.53802082
Inb.1,39,4,0.047739715,47.73971537
Inb.1,39,5,0.053639362,53.6393617
Inb.1,39,6,0.030437104,30.43710424
Inb.1,39,7,0.030889506,30.88950637
Inb.1,39,8,0.026699884,26.69988391
Inb.1,39,9,0.040720953,40.72095274
Inb.1,39,10,0.023156546,23.15654561
Inb.1,40,1,0.030587411,30.58741066
Inb.1,40,2,0.034182449,34.18244892
Inb.1,40,3,0.038661422,38.66142236
Inb.1,40,4,0.014477795,14.47779466
Inb.1,40,5,0.036587642,36.58764242
Inb.1,40,6,0.010152171,10.15217129
Inb.1,40,7,0.032429853,32.42985321
Inb.1,40,8,0.021036254,21.03625424
Inb.1,40,9,0.033458041,33.45804147
Inb.1,40,10,0.023344639,23.34463938
Inb.1,40,11,0.014295686,14.29568619
Inb.1,42,1,0.067238714,67.23871369
Inb.1,42,2,0.043135729,43.13572886
Inb.1,42,3,0.025149532,25.14953205
Inb.1,42,4,0.014250399,14.25039894
Inb.1,42,5,0.046335697,46.3356974
Inb.1,42,6,0.029914911,29.9149105
Inb.1,42,7,0.03475305,34.75305046
Inb.1,42,8,0.019884897,19.88489726
Inb.1,42,9,0.029472098,29.47209835
Inb.1,43,1,0.027045137,27.04513678
Inb.1,43,2,0.036842706,36.8427064
Inb.1,43,3,0.027463353,27.46335319
Inb.1,43,4,0.038749489,38.74948934
Inb.1,43,5,0.027045137,27.04513678
Inb.1,43,6,0.024951851,24.95185105
Inb.1,43,7,0.022907329,22.90732933
Inb.1,43,8,0.033458041,33.45804147
Inb.1,43,9,0.033218867,33.21886655
Inb.1,43,10,0.037098953,37.09895306
Inb.1,43,11,0.030813797,30.81379683
Inb.1,44,1,0.055075069,55.07506901
Inb.1,44,2,0.031962497,31.96249667
Inb.1,44,3,0.040539028,40.53902768
Inb.1,44,4,0.030287291,30.28729103
Inb.1,44,5,0.029398724,29.39872386
Inb.1,44,6,0.04210277,42.1027696
Inb.1,44,7,0.039191831,39.19183087
Inb.1,44,8,0.0241072,24.10719986
Inb.1,44,9,0.034589379,34.58937859
Inb.1,44,10,0.037528666,37.52866641
Inb.1,44,11,0.034182449,34.18244892
Inb.1,45,1,0.040903421,40.90342126
Inb.1,45,2,0.021271733,21.27173252
Inb.1,45,3,0.035745936,35.74593556
Inb.1,45,4,0.029472098,29.47209835
Inb.1,45,5,0.043041133,43.041133
Inb.1,45,6,0.036081052,36.08105154
Inb.1,45,7,0.038310489,38.31048875
Inb.1,45,8,0.036333758,36.33375838
Inb.1,45,9,0.045644131,45.64413132
Inb.1,45,10,0.035495965,35.49596489
Inb.2,1,1,0.034263578,34.26357812
Inb.2,1,2,0.030512196,30.51219574
Inb.2,1,3,0.030437104,30.43710424
Inb.2,1,4,0.026631188,26.63118784
Inb.2,1,5,0.037701477,37.70147658
Inb.2,1,6,0.022475515,22.47551503
Inb.2,1,7,0.020225774,20.22577386
Inb.2,1,8,0.020686305,20.6863053
Inb.2,1,9,0.044668168,44.66816763
Inb.2,1,10,0.004468242,4.468241945
Inb.2,2,1,0.039103095,39.10309468
Inb.2,2,2,0.035329967,35.32996689
Inb.2,2,3,0.044668168,44.66816763
Inb.2,2,4,0.029914911,29.9149105
Inb.2,2,5,0.029325471,29.32547126
Inb.2,2,6,0.025548021,25.5480208
Inb.2,2,7,0.022598332,22.59833178
Inb.2,2,8,0.026357582,26.3575819
Inb.2,2,9,0.015990648,15.99064789
Inb.2,2,10,0.023407563,23.4075629
Inb.2,2,11,0.025548021,25.5480208
Inb.2,5,1,0.037270443,37.27044255
Inb.2,5,2,0.03157648,31.57648038
Inb.2,5,3,0.031653434,31.65343359
Inb.2,5,4,0.028743826,28.74382614
Inb.2,5,5,0.019380797,19.38079742
Inb.2,5,6,0.017605382,17.60538237
Inb.2,5,7,0.031193585,31.19358465
Inb.2,5,8,0.023281829,23.28182872
Inb.2,5,9,0.028671666,28.67166594
Inb.2,6,1,0.03266523,32.66523026
Inb.2,6,2,0.021868102,21.86810199
Inb.2,6,3,0.026425807,26.42580684
Inb.2,6,4,0.017814553,17.81455306
Inb.2,6,5,0.03266523,32.66523026
Inb.2,6,6,0.029766817,29.76681716
Inb.2,6,7,0.014661443,14.66144316
Inb.2,6,8,0.024820641,24.82064088
Inb.2,6,9,0.01310624,13.10624044
Inb.2,7,1,0.026631188,26.63118784
Inb.2,7,2,0.022536868,22.53686763
Inb.2,7,3,0.008974012,8.974012158
Inb.2,7,4,0.013582523,13.5825228
Inb.2,7,5,0.017605382,17.60538237
Inb.2,7,6,0.015459281,15.45928083
Inb.2,7,7,0.021212699,21.21269907
Inb.2,7,8,0.013191995,13.19199529
Inb.2,7,9,0.010815669,10.81566917
Inb.2,8,1,0.047739715,47.73971537
Inb.2,8,2,0.049482371,49.48237067
Inb.2,8,3,0.033778723,33.7787234
Inb.2,8,4,0.042570228,42.57022764
Inb.2,8,5,0.039727069,39.72706856
Inb.2,8,6,0.052876728,52.87672825
Inb.2,8,7,0.037356385,37.35638512
Inb.2,8,8,0.025548021,25.5480208
Inb.2,8,9,0.029398724,29.39872386
Inb.2,8,10,0.041361976,41.36197555
Inb.2,8,11,0.039816746,39.81674588
Inb.2,8,12,0.029619213,29.61921337
Inb.2,9,1,0.02080252,20.80252023
Inb.2,9,2,0.033778723,33.7787234
Inb.2,9,3,0.031653434,31.65343359
Inb.2,9,4,0.036757554,36.7575538
Inb.2,9,5,0.035997077,35.99707705
Inb.2,9,6,0.022783395,22.78339455
Inb.2,9,7,0.045644131,45.64413132
Inb.2,9,8,0.041086434,41.08643406
Inb.2,9,9,0.031346369,31.34636928
Inb.2,9,10,0.035081942,35.08194151
Inb.2,9,11,0.031422948,31.42294833
Inb.2,11,1,0.025883292,25.88329242
Inb.2,11,2,0.02091917,20.9191696
Inb.2,11,3,0.014295686,14.29568619
Inb.2,11,4,0.017501414,17.50141385
Inb.2,11,5,0.016634159,16.63415865
Inb.2,11,6,0.018830761,18.83076077
Inb.2,11,7,0.019659787,19.65978737
Inb.2,11,8,0.0101883,10.18829998
Inb.2,11,9,0.01613765,16.13764986
Inb.2,11,10,0.021688036,21.68803619
Inb.2,11,11,0.026221484,26.2214845
Inb.2,12,1,0.020686305,20.6863053
Inb.2,12,2,0.02656261,26.56260971
Inb.2,12,3,0.015651121,15.65112082
Inb.2,12,4,0.019998094,19.99809375
Inb.2,12,5,0.021868102,21.86810199
Inb.2,12,6,0.019941442,19.94144196
Inb.2,12,7,0.039906558,39.90655805
Inb.2,12,8,0.024559602,24.55960211
Inb.2,12,9,0.02697585,26.97584953
Inb.2,13,1,0.01623615,16.23615
Inb.2,13,2,0.019380797,19.38079742
Inb.2,13,3,0.013582523,13.5825228
Inb.2,13,4,0.019159515,19.15951548
Inb.2,13,5,0.014569426,14.569426
Inb.2,13,6,0.02080252,20.80252023
Inb.2,13,7,0.016684362,16.68436231
Inb.2,13,8,0.017657521,17.65752069
Inb.2,13,9,0.019049509,19.04950897
Inb.2,13,10,0.017972514,17.97251369
Inb.2,13,11,0.011625555,11.62555534
Inb.2,13,12,0.022109736,22.10973631
Inb.2,14,1,0.023597012,23.59701169
Inb.2,14,2,0.022475515,22.47551503
Inb.2,14,3,0.022969465,22.96946491
Inb.2,14,4,0.022292126,22.29212552
Inb.2,14,5,0.043420348,43.42034786
Inb.2,14,6,0.02925234,29.25234044
Inb.2,14,7,0.026425807,26.42580684
Inb.2,14,8,0.04389749,43.89749029
Inb.2,14,9,0.03883769,38.83768997
Inb.2,14,10,0.03211778,32.11777979
Inb.2,14,11,0.019715905,19.71590471
Inb.2,16,1,0.033458041,33.45804147
Inb.2,16,2,0.028961033,28.96103298
Inb.2,16,3,0.036587642,36.58764242
Inb.2,16,4,0.032980834,32.98083418
Inb.2,16,5,0.030662749,30.66274907
Inb.2,16,6,0.021988698,21.98869787
Inb.2,16,7,0.029545595,29.54559482
Inb.2,16,8,0.026768698,26.76869801
Inb.2,16,9,0.022475515,22.47551503
Inb.2,16,10,0.01613765,16.13764986
Inb.2,16,11,0.030889506,30.88950637
Inb.2,16,12,0.032743942,32.74394162
Inb.2,17,1,0.04228934,42.28933995
Inb.2,17,2,0.043610788,43.61078771
Inb.2,17,3,0.025614842,25.6148421
Inb.2,17,4,0.022292126,22.29212552
Inb.2,17,5,0.023281829,23.28182872
Inb.2,17,6,0.02378748,23.78747992
Inb.2,17,7,0.012433541,12.43354149
Inb.2,17,8,0.005403808,5.403807903
Inb.2,17,9,0.00507874,5.07874029
Inb.2,17,10,0.00944742,9.447420196
Inb.2,18,1,0.031730512,31.73051172
Inb.2,18,2,0.019380797,19.38079742
Inb.2,18,3,0.037615005,37.61500534
Inb.2,18,4,0.031269915,31.26991476
Inb.2,18,5,0.021988698,21.98869787
Inb.2,18,6,0.033298464,33.29846444
Inb.2,18,7,0.030889506,30.88950637
Inb.2,18,8,0.020570524,20.57052401
Inb.2,18,9,0.030662749,30.66274907
Inb.2,18,10,0.031885043,31.88504316
Inb.2,18,11,0.046733996,46.73399635
Inb.2,19,1,0.026425807,26.42580684
Inb.2,19,2,0.015651121,15.65112082
Inb.2,19,3,0.019884897,19.88489726
Inb.2,19,4,0.033139396,33.13939561
Inb.2,19,5,0.009690243,9.690243009
Inb.2,19,6,0.04210277,42.1027696
Inb.2,19,7,0.030512196,30.51219574
Inb.2,19,8,0.022845306,22.84530591
Inb.2,19,9,0.02180797,21.80796976
Inb.2,19,10,0.027393353,27.39335317
Inb.2,19,11,0.030063494,30.06349422
Inb.2,20,1,0.037701477,37.70147658
Inb.2,20,2,0.031269915,31.26991476
Inb.2,20,3,0.036081052,36.08105154
Inb.2,20,4,0.038485689,38.48568889
Inb.2,20,5,0.029766817,29.76681716
Inb.2,20,6,0.035412901,35.41290105
Inb.2,20,7,0.04210277,42.1027696
Inb.2,20,8,0.039369706,39.36970578
Inb.2,20,9,0.037615005,37.61500534
Inb.2,20,10,0.02925234,29.25234044
Inb.2,20,11,0.036502883,36.50288343
Inb.2,20,12,0.021628235,21.62823465
Inb.2,21,1,0.041731277,41.73127673
Inb.2,21,2,0.043230463,43.23046322
Inb.2,21,3,0.024429772,24.42977188
Inb.2,21,4,0.052768374,52.76837433
Inb.2,21,5,0.034101448,34.10144789
Inb.2,21,6,0.04210277,42.1027696
Inb.2,21,7,0.044185447,44.18544667
Inb.2,21,8,0.036502883,36.50288343
Inb.2,21,9,0.042852356,42.85235637
Inb.2,21,10,0.044959481,44.95948085
Inb.2,21,11,0.036249392,36.2493921
Inb.2,21,12,0.028527708,28.52770805
Inb.2,22,1,0.036587642,36.58764242
Inb.2,22,2,0.044862236,44.86223615
Inb.2,22,3,0.022475515,22.47551503
Inb.2,22,4,0.011984672,11.98467221
Inb.2,22,5,0.036165157,36.16515652
Inb.2,22,6,0.039458845,39.4588447
Inb.2,22,7,0.03013797,30.13797023
Inb.2,23,1,0.031653434,31.65343359
Inb.2,23,2,0.022536868,22.53686763
Inb.2,23,3,0.025348254,25.34825439
Inb.2,23,4,0.03266523,32.66523026
Inb.2,23,5,0.020686305,20.6863053
Inb.2,23,6,0.020455176,20.45517555
Inb.2,23,7,0.029989141,29.98914102
Inb.2,23,8,0.037528666,37.52866641
Inb.2,23,9,0.024235886,24.23588571
Inb.2,23,10,0.029692954,29.69295412
Inb.2,23,11,0.036842706,36.8427064
Inb.2,24,1,0.027393353,27.39335317
Inb.2,24,2,0.016785072,16.78507248
Inb.2,24,3,0.018994664,18.99466396
Inb.2,24,4,0.051479652,51.47965214
Inb.2,24,5,0.018939924,18.93992433
Inb.2,24,6,0.030063494,30.06349422
Inb.2,24,7,0.028527708,28.52770805
Inb.2,24,8,0.021036254,21.03625424
Inb.2,24,9,0.021271733,21.27173252
Inb.2,24,10,0.025816005,25.81600486
Inb.2,24,11,0.028384233,28.38423284
Inb.2,24,12,0.018939924,18.93992433
Inb.2,27,1,0.083843361,83.84336062
Inb.2,27,2,0.024755209,24.75520865
Inb.2,27,3,0.026085856,26.0858564
Inb.2,27,4,0.028241239,28.2412395
Inb.2,27,5,0.03393983,33.93982992
Inb.2,27,6,0.060006072,60.00607187
Inb.2,27,7,0.040086587,40.08658737
Inb.2,27,8,0.014070206,14.07020637
Inb.2,27,9,0.041454096,41.45409573
Inb.2,27,10,0.013670341,13.67034056
Inb.2,27,11,0.024365029,24.36502871
Inb.2,31,1,0.064849536,64.84953556
Inb.2,31,2,0.028169923,28.16992327
Inb.2,31,3,0.050737678,50.73767827
Inb.2,31,4,0.057792483,57.792483
Inb.2,31,5,0.065597792,65.5977921
Inb.2,31,6,0.04099486,40.99485957
Inb.2,31,7,0.045447813,45.44781275
Inb.2,31,8,0.037874816,37.87481643
Inb.2,31,9,0.048350017,48.35001689
Inb.2,31,10,0.027393353,27.39335317
Inb.2,31,11,0.046733996,46.73399635
Inb.2,32,1,0.06263895,62.63894954
Inb.2,32,2,0.077521944,77.52194407
Inb.2,32,3,0.039727069,39.72706856
Inb.2,32,4,0.029472098,29.47209835
Inb.2,32,5,0.050002868,50.00286822
Inb.2,32,6,0.08849751,88.49751018
Inb.2,32,7,0.045447813,45.44781275
Inb.2,32,8,0.054188566,54.18856594
Inb.2,32,9,0.039996505,39.99650518
Inb.2,32,10,0.037184632,37.1846319
Inb.2,32,11,0.047235071,47.23507141
Inb.2,32,12,0.040812119,40.81211901
Inb.2,33,1,0.050212085,50.21208497
Inb.2,33,2,0.028599627,28.59962661
Inb.2,33,3,0.041178145,41.17814482
Inb.2,33,4,0.052121358,52.12135792
Inb.2,33,5,0.038310489,38.31048875
Inb.2,33,6,0.044959481,44.95948085
Inb.2,33,7,0.045545902,45.54590152
Inb.2,33,8,0.048862557,48.86255699
Inb.2,33,9,0.03393983,33.93982992
Inb.2,33,10,0.029766817,29.76681716
Inb.2,33,11,0.027184067,27.184067
Inb.2,34,1,0.043610788,43.61078771
Inb.2,34,2,0.070470804,70.47080378
Inb.2,34,3,0.058369634,58.36963404
Inb.2,34,4,0.065974069,65.97406915
Inb.2,34,5,0.039727069,39.72706856
Inb.2,34,6,0.016484152,16.48415211
Inb.2,34,7,0.031653434,31.65343359
Inb.2,34,8,0.051373216,51.37321596
Inb.2,34,9,0.027463353,27.46335319
Inb.2,34,10,0.04228934,42.28933995
Inb.2,34,11,0.053858596,53.85859588
Inb.2,34,12,0.031807715,31.80771488
Inb.2,35,1,0.056763222,56.76322175
Inb.2,35,2,0.042570228,42.57022764
Inb.2,35,3,0.039548118,39.54811807
Inb.2,35,4,0.059301047,59.30104694
Inb.2,35,5,0.061193493,61.19349301
Inb.2,35,6,0.040086587,40.08658737
Inb.2,35,7,0.050421884,50.4218845
Inb.2,35,8,0.042852356,42.85235637
Inb.2,35,9,0.043993336,43.99333631
Inb.2,35,10,0.032508186,32.50818615
Inb.2,35,11,0.041823944,41.82394422
Inb.2,35,12,0.042946676,42.94667553
Inb.2,38,1,0.021988698,21.98869787
Inb.2,38,2,0.027533472,27.53347236
Inb.2,38,3,0.045939668,45.93966795
Inb.2,38,4,0.025348254,25.34825439
Inb.2,38,5,0.027045137,27.04513678
Inb.2,38,6,0.025215657,25.21565699
Inb.2,38,7,0.034507736,34.50773571
Inb.2,38,8,0.027533472,27.53347236
Inb.2,38,9,0.044571344,44.5713436
Inb.2,38,10,0.030287291,30.28729103
Inb.2,38,11,0.033618128,33.61812752
Inb.2,38,12,0.019547872,19.54787234
Inb.2,39,1,0.056083882,56.08388193
Inb.2,39,2,0.031041297,31.04129728
Inb.2,39,3,0.008452654,8.452654238
Inb.2,39,4,0.03219561,32.19560959
Inb.2,39,5,0.031346369,31.34636928
Inb.2,39,6,0.03483508,34.83507965
Inb.2,39,7,0.03778808,37.78808024
Inb.2,39,8,0.03883769,38.83768997
Inb.2,39,9,0.041731277,41.73127673
Inb.2,39,10,0.026289474,26.28947448
Inb.2,39,11,0.027114543,27.11454257
Inb.2,40,1,0.038926024,38.92602433
Inb.2,40,2,0.048657109,48.65710853
Inb.2,40,3,0.037184632,37.1846319
Inb.2,40,4,0.03883769,38.83768997
Inb.2,40,5,0.041731277,41.73127673
Inb.2,40,6,0.051266927,51.26692658
Inb.2,40,7,0.037013406,37.01340593
Inb.2,40,8,0.028169923,28.16992327
Inb.2,40,9,0.041269992,41.26999195
Inb.2,40,10,0.048146009,48.14600865
Inb.2,43,1,0.01613765,16.13764986
Inb.2,43,2,0.018131405,18.13140534
Inb.2,43,3,0.040812119,40.81211901
Inb.2,43,4,0.0476385,47.63850046
Inb.2,43,5,0.045349865,45.34986491
Inb.2,43,6,0.034917238,34.91723783
Inb.2,43,7,0.012935847,12.93584726
Inb.2,43,8,0.040812119,40.81211901
Inb.2,43,9,0.032508186,32.50818615
Inb.2,43,10,0.027603711,27.60371077
Inb.2,43,11,0.038661422,38.66142236
Inb.2,43,12,0.03467115,34.67115014
Inb.2,44,1,0.040086587,40.08658737
Inb.2,44,2,0.034263578,34.26357812
Inb.2,44,3,0.03744246,37.44245971
Inb.2,44,4,0.019049509,19.04950897
Inb.2,44,5,0.035164487,35.16448722
Inb.2,44,6,0.038661422,38.66142236
Inb.2,44,7,0.050632268,50.63226761
Inb.2,44,8,0.013802776,13.80277567
Inb.2,44,9,0.037270443,37.27044255
Inb.2,44,10,0.033218867,33.21886655
Inb.2,44,11,0.039996505,39.99650518
Inb.2,44,12,0.024559602,24.55960211
Inb.2,45,1,0.038749489,38.74948934
Inb.2,45,2,0.030587411,30.58741066
Inb.2,45,3,0.025816005,25.81600486
Inb.2,45,4,0.021036254,21.03625424
Inb.2,45,5,0.035829519,35.82951917
Inb.2,45,6,0.036757554,36.7575538
Inb.2,45,7,0.0241072,24.10719986
Inb.2,45,8,0.015316434,15.31643418
Inb.2,45,9,0.030662749,30.66274907
Inb.2,45,10,0.040720953,40.72095274
Inb.2,45,11,0.023915026,23.91502646
Inb.3,1,1,0.025816005,25.81600486
Inb.3,1,2,0.011546738,11.54673828
Inb.3,1,3,0.010517323,10.51732293
Inb.3,1,4,0.015221694,15.22169362
Inb.3,1,5,0.022109736,22.10973631
Inb.3,1,6,0.010891127,10.89112705
Inb.3,1,7,0.013235013,13.23501263
Inb.3,1,8,0.019941442,19.94144196
Inb.3,1,9,0.035579159,35.57915853
Inb.3,2,1,0.040357645,40.35764527
Inb.3,2,2,0.021153775,21.15377494
Inb.3,2,3,0.024755209,24.75520865
Inb.3,2,4,0.018994664,18.99466396
Inb.3,2,5,0.017089633,17.08963296
Inb.3,2,6,0.0474365,47.43650002
Inb.3,2,7,0.024820641,24.82064088
Inb.3,2,8,0.022721595,22.72159514
Inb.3,2,9,0.029692954,29.69295412
Inb.3,2,10,0.031653434,31.65343359
Inb.3,2,11,0.022353144,22.35314407
Inb.3,5,1,0.020977657,20.97765746
Inb.3,5,2,0.019104459,19.10445944
Inb.3,5,3,0.020340259,20.3402591
Inb.3,5,4,0.025548021,25.5480208
Inb.3,5,5,0.0241072,24.10719986
Inb.3,5,6,0.035745936,35.74593556
Inb.3,5,7,0.020977657,20.97765746
Inb.3,5,8,0.019436383,19.43638284
Inb.3,5,9,0.00586675,5.866749865
Inb.3,5,10,0.032351646,32.3516462
Inb.3,5,11,0.020570524,20.57052401
Inb.3,5,12,0.023915026,23.91502646
Inb.3,6,1,0.039191831,39.19183087
Inb.3,6,2,0.023597012,23.59701169
Inb.3,6,3,0.021153775,21.15377494
Inb.3,6,4,0.019941442,19.94144196
Inb.3,6,5,0.009725268,9.72526795
Inb.3,6,6,0.042946676,42.94667553
Inb.3,6,7,0.042852356,42.85235637
Inb.3,6,8,0.039369706,39.36970578
Inb.3,6,9,0.041454096,41.45409573
Inb.3,6,10,0.036502883,36.50288343
Inb.3,6,11,0.02845591,28.45591017
Inb.3,7,1,0.018776337,18.77633664
Inb.3,7,2,0.028169923,28.16992327
Inb.3,7,3,0.02725371,27.25371018
Inb.3,7,4,0.037701477,37.70147658
Inb.3,7,5,0.025548021,25.5480208
Inb.3,7,6,0.019325318,19.32531807
Inb.3,7,7,0.022170422,22.17042173
Inb.3,7,8,0.017814553,17.81455306
Inb.3,7,9,0.021747948,21.74794786
Inb.3,7,10,0.013802776,13.80277567
Inb.3,7,11,0.027744546,27.74454576
Inb.3,8,1,0.022907329,22.90732933
Inb.3,8,2,0.032901743,32.90174348
Inb.3,8,3,0.044765132,44.76513178
Inb.3,8,4,0.02725371,27.25371018
Inb.3,8,5,0.038661422,38.66142236
Inb.3,8,6,0.032351646,32.3516462
Inb.3,8,7,0.034917238,34.91723783
Inb.3,8,8,0.022907329,22.90732933
Inb.3,8,9,0.028961033,28.96103298
Inb.3,8,10,0.017972514,17.97251369
Inb.3,8,11,0.03778808,37.78808024
Inb.3,8,12,0.009585673,9.585672948
Inb.3,9,1,0.026425807,26.42580684
Inb.3,9,2,0.02449463,24.49462965
Inb.3,9,3,0.038926024,38.92602433
Inb.3,9,4,0.02925234,29.25234044
Inb.3,9,5,0.031730512,31.73051172
Inb.3,9,6,0.021688036,21.68803619
Inb.3,9,7,0.036081052,36.08105154
Inb.3,9,8,0.02656261,26.56260971
Inb.3,9,9,0.035164487,35.16448722
Inb.3,9,10,0.029692954,29.69295412
Inb.3,9,11,0.030212569,30.21256913
Inb.3,11,1,0.018830761,18.83076077
Inb.3,11,2,0.019269945,19.2699447
Inb.3,11,3,0.029325471,29.32547126
Inb.3,11,4,0.008516689,8.516689227
Inb.3,11,5,0.015080317,15.08031657
Inb.3,11,6,0.015033386,15.03338615
Inb.3,11,7,0.020054853,20.05485274
Inb.3,11,8,0.011043094,11.04309409
Inb.3,11,9,0.043135729,43.13572886
Inb.3,11,10,0.031962497,31.96249667
Inb.3,11,11,0.021153775,21.15377494
Inb.3,12,1,0.049378707,49.37870652
Inb.3,12,2,0.011312426,11.31242612
Inb.3,12,3,0.022536868,22.53686763
Inb.3,12,4,0.038573489,38.57348891
Inb.3,12,5,0.039014493,39.01449254
Inb.3,12,6,0.005333017,5.333016565
Inb.3,12,7,0.04958618,49.5861798
Inb.3,12,8,0.031117379,31.11737886
Inb.3,12,9,0.014341069,14.34106928
Inb.3,12,10,0.035081942,35.08194151
Inb.3,12,11,0.022907329,22.90732933
Inb.3,12,12,0.060124117,60.12411657
Inb.3,13,1,0.025950697,25.95069679
Inb.3,13,2,0.023407563,23.4075629
Inb.3,13,3,0.035829519,35.82951917
Inb.3,13,4,0.021747948,21.74794786
Inb.3,13,5,0.029619213,29.61921337
Inb.3,13,6,0.034507736,34.50773571
Inb.3,13,7,0.03744246,37.44245971
Inb.3,13,8,0.025614842,25.6148421
Inb.3,13,9,0.036081052,36.08105154
Inb.3,13,10,0.017294706,17.29470638
Inb.3,13,11,0.029692954,29.69295412
Inb.3,13,12,0.023219131,23.21913083
Inb.3,14,1,0.022536868,22.53686763
Inb.3,14,2,0.039906558,39.90655805
Inb.3,14,3,0.022170422,22.17042173
Inb.3,14,4,0.017919757,17.91975684
Inb.3,14,5,0.015080317,15.08031657
Inb.3,14,6,0.014205207,14.20520743
Inb.3,14,7,0.024951851,24.95185105
Inb.3,14,8,0.020512796,20.51279573
Inb.3,14,9,0.012809026,12.80902614
Inb.3,14,10,0.018722017,18.72201748
Inb.3,14,11,0.018939924,18.93992433
Inb.3,14,12,0.039637526,39.63752599
Inb.3,16,1,0.012228146,12.22814576
Inb.3,16,2,0.004262681,4.262680986
Inb.3,16,3,0.013891539,13.89153923
Inb.3,16,4,0.022475515,22.47551503
Inb.3,16,5,0.030362136,30.36213604
Inb.3,16,6,0.073399324,73.39932401
Inb.3,16,7,0.016785072,16.78507248
Inb.3,16,8,0.023031713,23.03171275
Inb.3,16,9,0.017089633,17.08963296
Inb.3,16,10,0.026631188,26.63118784
Inb.3,16,11,0.021628235,21.62823465
Inb.3,17,1,0.002499762,2.499761719
Inb.3,17,2,0.006120687,6.120687217
Inb.3,17,3,0.004043956,4.043955775
Inb.3,17,4,0.021153775,21.15377494
Inb.3,17,5,0.021212699,21.21269907
Inb.3,17,6,0.036333758,36.33375838
Inb.3,17,7,0.0243004,24.30040002
Inb.3,18,1,0.052444201,52.44420093
Inb.3,18,2,0.035081942,35.08194151
Inb.3,18,3,0.03744246,37.44245971
Inb.3,18,4,0.038926024,38.92602433
Inb.3,18,5,0.036757554,36.7575538
Inb.3,18,6,0.037961685,37.96168524
Inb.3,18,7,0.025017629,25.01762918
Inb.3,18,8,0.030287291,30.28729103
Inb.3,18,9,0.027184067,27.184067
Inb.3,18,10,0.042852356,42.85235637
Inb.3,18,11,0.024365029,24.36502871
Inb.3,18,12,0.035745936,35.74593556
Inb.3,19,1,0.02656261,26.56260971
Inb.3,19,2,0.036502883,36.50288343
Inb.3,19,3,0.029619213,29.61921337
Inb.3,19,4,0.025614842,25.6148421
Inb.3,19,5,0.026085856,26.0858564
Inb.3,19,6,0.034182449,34.18244892
Inb.3,19,7,0.030662749,30.66274907
Inb.3,19,8,0.039280701,39.2807012
Inb.3,19,9,0.037874816,37.87481643
Inb.3,19,10,0.033378189,33.37818938
Inb.3,20,1,0.045447813,45.44781275
Inb.3,20,2,0.02449463,24.49462965
Inb.3,20,3,0.030063494,30.06349422
Inb.3,20,4,0.037701477,37.70147658
Inb.3,20,5,0.03266523,32.66523026
Inb.3,20,6,0.041823944,41.82394422
Inb.3,20,7,0.03096534,30.96533982
Inb.3,20,8,0.030437104,30.43710424
Inb.3,20,9,0.036842706,36.8427064
Inb.3,20,10,0.033859213,33.85921278
Inb.3,20,11,0.024820641,24.82064088
Inb.3,21,1,0.039637526,39.63752599
Inb.3,21,2,0.033538021,33.53802082
Inb.3,21,3,0.020397663,20.39766337
Inb.3,21,4,0.032586645,32.58664514
Inb.3,21,5,0.036249392,36.2493921
Inb.3,21,6,0.036502883,36.50288343
Inb.3,21,7,0.030287291,30.28729103
Inb.3,21,8,0.036672533,36.67253251
Inb.3,21,9,0.037184632,37.1846319
Inb.3,21,10,0.038310489,38.31048875
Inb.3,21,11,0.031346369,31.34636928
Inb.3,21,12,0.035662482,35.66248205
Inb.3,22,1,0.020570524,20.57052401
Inb.3,22,2,0.015844541,15.84454135
Inb.3,22,3,0.011157992,11.15799242
Inb.3,22,4,0.013321328,13.32132766
Inb.3,22,5,0.029398724,29.39872386
Inb.3,22,6,0.028027651,28.0276512
Inb.3,22,7,0.029398724,29.39872386
Inb.3,22,8,0.038223088,38.22308843
Inb.3,22,9,0.03883769,38.83768997
Inb.3,22,10,0.018184577,18.18457658
Inb.3,22,11,0.043230463,43.23046322
Inb.3,22,12,0.037961685,37.96168524
Inb.3,23,1,0.032429853,32.42985321
Inb.3,23,2,0.027533472,27.53347236
Inb.3,23,3,0.039637526,39.63752599
Inb.3,23,4,0.028671666,28.67166594
Inb.3,23,5,0.018994664,18.99466396
Inb.3,23,6,0.03393983,33.93982992
Inb.3,23,7,0.024429772,24.42977188
Inb.3,23,8,0.018559689,18.55968875
Inb.3,23,9,0.023851196,23.85119635
Inb.3,23,10,0.024624689,24.62468936
Inb.3,23,11,0.031117379,31.11737886
Inb.3,23,12,0.010778071,10.77807128
Inb.3,24,1,0.033458041,33.45804147
Inb.3,24,2,0.012228146,12.22814576
Inb.3,24,3,0.037098953,37.09895306
Inb.3,24,4,0.026425807,26.42580684
Inb.3,24,5,0.012065467,12.06546748
Inb.3,24,6,0.027184067,27.184067
Inb.3,24,7,0.052228825,52.2288246
Inb.3,24,8,0.022475515,22.47551503
Inb.3,24,9,0.033859213,33.85921278
Inb.3,24,10,0.01734623,17.3462298
Inb.3,24,11,0.028527708,28.52770805
Inb.3,24,12,0.03157648,31.57648038
Inb.3,27,1,0.0243004,24.30040002
Inb.3,27,2,0.031730512,31.73051172
Inb.3,27,3,0.015844541,15.84454135
Inb.3,27,4,0.017243285,17.24328509
Inb.3,27,5,0.014707597,14.70759667
Inb.3,27,6,0.065472685,65.47268509
Inb.3,27,7,0.042570228,42.57022764
Inb.3,27,8,0.031885043,31.88504316
Inb.3,27,9,0.037874816,37.87481643
Inb.3,27,10,0.045154392,45.15439162
Inb.3,27,11,0.028384233,28.38423284
Inb.3,31,1,0.019104459,19.10445944
Inb.3,31,2,0.021212699,21.21269907
Inb.3,31,3,0.012683037,12.68303663
Inb.3,31,4,0.027045137,27.04513678
Inb.3,31,5,0.031117379,31.11737886
Inb.3,31,6,0.024886188,24.88618831
Inb.3,31,7,0.015127345,15.12734455
Inb.3,31,8,0.027393353,27.39335317
Inb.3,31,9,0.032429853,32.42985321
Inb.3,31,10,0.030063494,30.06349422
Inb.3,31,11,0.020225774,20.22577386
Inb.3,31,12,0.012641224,12.64122445
Inb.3,32,1,0.024235886,24.23588571
Inb.3,32,2,0.026289474,26.28947448
Inb.3,32,3,0.020744359,20.74435851
Inb.3,32,4,0.009481858,9.481857903
Inb.3,32,5,0.026221484,26.2214845
Inb.3,32,6,0.022109736,22.10973631
Inb.3,32,7,0.078083017,78.08301749
Inb.3,32,8,0.033538021,33.53802082
Inb.3,32,9,0.03219561,32.19560959
Inb.3,32,10,0.036418255,36.41825545
Inb.3,32,11,0.032980834,32.98083418
Inb.3,32,12,0.038048687,38.04868678
Inb.3,33,1,0.003398008,3.398008376
Inb.3,33,2,0.002528222,2.528221733
Inb.3,33,3,0.003078086,3.07808617
Inb.3,33,4,0.003592978,3.592978267
Inb.3,33,5,0.001867477,1.867477204
Inb.3,33,6,0.005380142,5.380141624
Inb.3,33,7,0.005101515,5.101514877
Inb.3,33,8,0.002471516,2.471516093
Inb.3,34,1,0.031269915,31.26991476
Inb.3,34,2,0.016039549,16.03954892
Inb.3,34,3,0.029914911,29.9149105
Inb.3,34,4,0.042852356,42.85235637
Inb.3,34,5,0.029033678,29.03367768
Inb.3,34,6,0.010966935,10.96693509
Inb.3,34,7,0.02109496,21.09496003
Inb.3,34,8,0.015699328,15.69932752
Inb.3,34,9,0.032508186,32.50818615
Inb.3,34,10,0.017089633,17.08963296
Inb.3,34,11,0.01613765,16.13764986
Inb.3,34,12,0.011904238,11.90423843
Inb.3,35,1,0.040176805,40.17680471
Inb.3,35,2,0.019884897,19.88489726
Inb.3,35,3,0.018237852,18.23785167
Inb.3,35,4,0.049378707,49.37870652
Inb.3,35,5,0.03692799,36.92799041
Inb.3,35,6,0.034101448,34.10144789
Inb.3,35,7,0.045349865,45.34986491
Inb.3,35,8,0.015459281,15.45928083
Inb.3,35,9,0.020054853,20.05485274
Inb.3,35,10,0.036165157,36.16515652
Inb.3,35,11,0.037874816,37.87481643
Inb.3,38,1,0.037701477,37.70147658
Inb.3,38,2,0.022170422,22.17042173
Inb.3,38,3,0.017140748,17.14074848
Inb.3,38,4,0.021928345,21.92834466
Inb.3,38,5,0.025414727,25.41472705
Inb.3,38,6,0.024820641,24.82064088
Inb.3,38,7,0.012025025,12.0250246
Inb.3,38,8,0.018722017,18.72201748
Inb.3,38,9,0.017867103,17.86710333
Inb.3,38,10,0.035495965,35.49596489
Inb.3,38,11,0.009040651,9.040650591
Inb.3,39,1,0.01633505,16.33505014
Inb.3,39,2,0.037270443,37.27044255
Inb.3,39,3,0.013758536,13.75853604
Inb.3,39,4,0.021928345,21.92834466
Inb.3,39,5,0.014615386,14.61538631
Inb.3,39,6,0.02080252,20.80252023
Inb.3,39,7,0.019547872,19.54787234
Inb.3,39,8,0.030063494,30.06349422
Inb.3,39,9,0.050421884,50.4218845
Inb.3,39,10,0.027885859,27.88585897
Inb.3,39,11,0.017919757,17.91975684
Inb.3,39,12,0.022353144,22.35314407
Inb.3,40,1,0.045154392,45.15439162
Inb.3,40,2,0.044378116,44.3781155
Inb.3,40,3,0.037098953,37.09895306
Inb.3,40,4,0.027885859,27.88585897
Inb.3,40,5,0.025614842,25.6148421
Inb.3,40,6,0.014939818,14.93981763
Inb.3,40,7,0.02091917,20.9191696
Inb.3,40,8,0.023094073,23.09407295
Inb.3,40,9,0.030662749,30.66274907
Inb.3,40,10,0.029398724,29.39872386
Inb.3,40,11,0.012106001,12.10600093
Inb.3,42,1,0.031346369,31.34636928
Inb.3,42,2,0.03219561,32.19560959
Inb.3,42,3,0.034426221,34.42622141
Inb.3,42,4,0.033060052,33.06005152
Inb.3,42,5,0.020054853,20.05485274
Inb.3,42,6,0.027045137,27.04513678
Inb.3,42,7,0.042195986,42.19598604
Inb.3,42,8,0.031117379,31.11737886
Inb.3,42,9,0.031807715,31.80771488
Inb.3,42,10,0.014939818,14.93981763
Inb.3,42,11,0.013495082,13.49508193
Inb.3,43,1,0.03883769,38.83768997
Inb.3,43,2,0.030889506,30.88950637
Inb.3,43,3,0.041178145,41.17814482
Inb.3,43,4,0.023660388,23.66038769
Inb.3,43,5,0.024429772,24.42977188
Inb.3,43,6,0.045349865,45.34986491
Inb.3,43,7,0.020054853,20.05485274
Inb.3,43,8,0.020225774,20.22577386
Inb.3,43,9,0.030437104,30.43710424
Inb.3,43,10,0.02449463,24.49462965
Inb.3,43,11,0.036502883,36.50288343
Inb.3,43,12,0.019547872,19.54787234
Inb.3,44,1,0.032429853,32.42985321
Inb.3,44,2,0.027323472,27.32347221
Inb.3,44,3,0.03219561,32.19560959
Inb.3,44,4,0.02683763,26.83763024
Inb.3,44,5,0.021868102,21.86810199
Inb.3,44,6,0.022475515,22.47551503
Inb.3,44,7,0.025816005,25.81600486
Inb.3,44,8,0.025281898,25.28189774
Inb.3,44,9,0.026018218,26.01821809
Inb.3,44,10,0.023533749,23.53374895
Inb.3,44,11,0.031807715,31.80771488
Inb.3,44,12,0.027885859,27.88585897
Inb.3,45,1,0.030212569,30.21256913
Inb.3,45,2,0.028384233,28.38423284
Inb.3,45,3,0.030738211,30.73821109
Inb.3,45,4,0.027463353,27.46335319
Inb.3,45,5,0.02397897,23.97897035
Inb.3,45,6,0.023597012,23.59701169
Inb.3,45,7,0.026085856,26.0858564
Inb.3,45,8,0.024235886,24.23588571
Inb.3,45,9,0.021868102,21.86810199
Inb.3,45,10,0.023851196,23.85119635
Inb.3,45,11,0.029325471,29.32547126
Inb.3,45,12,0.017605382,17.60538237
Inb.4,1,1,0.034344836,34.34483558
Inb.4,1,2,0.029619213,29.61921337
Inb.4,1,3,0.039906558,39.90655805
Inb.4,1,4,0.046534563,46.53456278
Inb.4,1,5,0.041823944,41.82394422
Inb.4,1,6,0.048657109,48.65710853
Inb.4,1,7,0.032822779,32.82277933
Inb.4,1,8,0.025017629,25.01762918
Inb.4,1,9,0.023407563,23.4075629
Inb.4,1,10,0.023723877,23.72387707
Inb.4,1,11,0.038926024,38.92602433
Inb.4,1,12,0.029106444,29.10644375
Inb.4,2,1,0.033618128,33.61812752
Inb.4,2,2,0.025481316,25.48131582
Inb.4,2,3,0.035662482,35.66248205
Inb.4,2,4,0.021868102,21.86810199
Inb.4,2,5,0.027184067,27.184067
Inb.4,2,6,0.017140748,17.14074848
Inb.4,2,7,0.023470599,23.47059939
Inb.4,2,8,0.026631188,26.63118784
Inb.4,2,9,0.013149071,13.14907126
Inb.4,2,10,0.022049162,22.04916172
Inb.4,2,11,0.02725371,27.25371018
Inb.4,2,12,0.029033678,29.03367768
Inb.4,5,1,0.027323472,27.32347221
Inb.4,5,2,0.038048687,38.04868678
Inb.4,5,3,0.034589379,34.58937859
Inb.4,5,4,0.02845591,28.45591017
Inb.4,5,5,0.022721595,22.72159514
Inb.4,5,6,0.031269915,31.26991476
Inb.4,5,7,0.024820641,24.82064088
Inb.4,5,8,0.037615005,37.61500534
Inb.4,5,9,0.033060052,33.06005152
Inb.4,5,10,0.031193585,31.19358465
Inb.4,6,1,0.025614842,25.6148421
Inb.4,6,2,0.037961685,37.96168524
Inb.4,6,3,0.033538021,33.53802082
Inb.4,6,4,0.032040076,32.04007552
Inb.4,6,5,0.030063494,30.06349422
Inb.4,6,6,0.016987707,16.98770699
Inb.4,6,7,0.029106444,29.10644375
Inb.4,6,8,0.018939924,18.93992433
Inb.4,6,9,0.018184577,18.18457658
Inb.4,6,10,0.023533749,23.53374895
Inb.4,6,11,0.032351646,32.3516462
Inb.4,6,12,0.021036254,21.03625424
Inb.4,7,1,0.006250359,6.250358528
Inb.4,7,2,0.008940816,8.940816093
Inb.4,7,3,0.013149071,13.14907126
Inb.4,7,4,0.009620446,9.62044561
Inb.4,7,5,0.009620446,9.62044561
Inb.4,7,6,0.010778071,10.77807128
Inb.4,7,7,0.008548828,8.548827643
Inb.4,7,8,0.008388941,8.388941033
Inb.4,7,9,0.002933825,2.933824924
Inb.4,7,10,0.00651517,6.51516974
Inb.4,7,11,0.010008511,10.00851064
Inb.4,7,12,0.019214677,19.2146772
Inb.4,8,1,0.038661422,38.66142236
Inb.4,8,2,0.021390128,21.39012779
Inb.4,8,3,0.03692799,36.92799041
Inb.4,8,4,0.064477551,64.47755061
Inb.4,8,5,0.036587642,36.58764242
Inb.4,8,6,0.030889506,30.88950637
Inb.4,8,7,0.01628555,16.28555002
Inb.4,8,8,0.016835579,16.83557918
Inb.4,8,9,0.02888851,28.88850956
Inb.4,8,10,0.036418255,36.41825545
Inb.4,8,11,0.021988698,21.98869787
Inb.4,9,1,0.033778723,33.7787234
Inb.4,9,2,0.042382831,42.38283146
Inb.4,9,3,0.039727069,39.72706856
Inb.4,9,4,0.03157648,31.57648038
Inb.4,9,5,0.039548118,39.54811807
Inb.4,9,6,0.036081052,36.08105154
Inb.4,9,7,0.032980834,32.98083418
Inb.4,9,8,0.025281898,25.28189774
Inb.4,9,9,0.028816107,28.81610731
Inb.4,9,10,0.031807715,31.80771488
Inb.4,9,11,0.017501414,17.50141385
Inb.4,9,12,0.026085856,26.0858564
Inb.4,11,1,0.007739176,7.73917614
Inb.4,11,2,0.006146477,6.146476596
Inb.4,11,3,0.011864157,11.86415686
Inb.4,11,4,0.012641224,12.64122445
Inb.4,11,5,0.010928987,10.92898725
Inb.4,11,6,0.01310624,13.10624044
Inb.4,11,7,0.012106001,12.10600093
Inb.4,11,8,0.016886187,16.8861871
Inb.4,11,9,0.015033386,15.03338615
Inb.4,11,10,0.01628555,16.28555002
Inb.4,11,11,0.015941846,15.94184635
Inb.4,11,12,0.008940816,8.940816093
Inb.4,12,1,0.022231218,22.2312181
Inb.4,12,2,0.014432123,14.43212342
Inb.4,12,3,0.016484152,16.48415211
Inb.4,12,4,0.019884897,19.88489726
Inb.4,12,5,0.04228934,42.28933995
Inb.4,12,6,0.011784264,11.78426381
Inb.4,12,7,0.016936896,16.93689634
Inb.4,12,8,0.016584056,16.58405579
Inb.4,12,9,0.018613694,18.61369363
Inb.4,12,10,0.033859213,33.85921278
Inb.4,12,11,0.020397663,20.39766337
Inb.4,12,12,0.019436383,19.43638284
Inb.4,13,1,0.025215657,25.21565699
Inb.4,13,2,0.025950697,25.95069679
Inb.4,13,3,0.01638465,16.38465046
Inb.4,13,4,0.015221694,15.22169362
Inb.4,13,5,0.011586102,11.58610213
Inb.4,13,6,0.011157992,11.15799242
Inb.4,13,7,0.0241072,24.10719986
Inb.4,13,8,0.018451993,18.45199257
Inb.4,13,9,0.02683763,26.83763024
Inb.4,13,10,0.022721595,22.72159514
Inb.4,13,11,0.028312676,28.31267599
Inb.4,13,12,0.015747633,15.74763311
Inb.4,14,1,0.027815143,27.81514254
Inb.4,14,2,0.02091917,20.9191696
Inb.4,14,3,0.017657521,17.65752069
Inb.4,14,4,0.024689892,24.68989151
Inb.4,14,5,0.025215657,25.21565699
Inb.4,14,6,0.035913233,35.91323296
Inb.4,14,7,0.044378116,44.3781155
Inb.4,14,8,0.027533472,27.53347236
Inb.4,14,9,0.018237852,18.23785167
Inb.4,14,10,0.012641224,12.64122445
Inb.4,14,11,0.0241072,24.10719986
Inb.4,16,1,0.032273565,32.27356503
Inb.4,16,2,0.013980683,13.98068252
Inb.4,16,3,0.055521923,55.52192339
Inb.4,16,4,0.026699884,26.69988391
Inb.4,16,5,0.057677511,57.67751125
Inb.4,16,6,0.050002868,50.00286822
Inb.4,16,7,0.011625555,11.62555534
Inb.4,16,8,0.041916749,41.9167488
Inb.4,17,1,0.031730512,31.73051172
Inb.4,17,2,0.020977657,20.97765746
Inb.4,17,3,0.028527708,28.52770805
Inb.4,17,4,0.028241239,28.2412395
Inb.4,17,5,0.036333758,36.33375838
Inb.4,17,6,0.019380797,19.38079742
Inb.4,17,7,0.024755209,24.75520865
Inb.4,17,8,0.024365029,24.36502871
Inb.4,17,9,0.027463353,27.46335319
Inb.4,17,10,0.050107404,50.1074038
Inb.4,17,11,0.041269992,41.26999195
Inb.4,17,12,0.022969465,22.96946491
Inb.4,18,1,0.076963565,76.96356488
Inb.4,18,2,0.03483508,34.83507965
Inb.4,18,3,0.014160112,14.16011157
Inb.4,18,4,0.026768698,26.76869801
Inb.4,18,5,0.033298464,33.29846444
Inb.4,18,6,0.029766817,29.76681716
Inb.4,18,7,0.03219561,32.19560959
Inb.4,18,8,0.03096534,30.96533982
Inb.4,18,9,0.013235013,13.23501263
Inb.4,18,10,0.02180797,21.80796976
Inb.4,18,11,0.023533749,23.53374895
Inb.4,18,12,0.02925234,29.25234044
Inb.4,19,1,0.037615005,37.61500534
Inb.4,19,2,0.027463353,27.46335319
Inb.4,19,3,0.02725371,27.25371018
Inb.4,19,4,0.023344639,23.34463938
Inb.4,19,5,0.031346369,31.34636928
Inb.4,19,6,0.028169923,28.16992327
Inb.4,19,7,0.02725371,27.25371018
Inb.4,19,8,0.010665801,10.66580061
Inb.4,19,9,0.023533749,23.53374895
Inb.4,19,10,0.037615005,37.61500534
Inb.4,19,11,0.039369706,39.36970578
Inb.4,19,12,0.009378795,9.378795137
Inb.4,20,1,0.010891127,10.89112705
Inb.4,20,2,0.017089633,17.08963296
Inb.4,20,3,0.047235071,47.23507141
Inb.4,20,4,0.042758175,42.7581754
Inb.4,20,5,0.035662482,35.66248205
Inb.4,20,6,0.046137399,46.13739939
Inb.4,20,7,0.032273565,32.27356503
Inb.4,20,8,0.046634208,46.63420849
Inb.4,20,9,0.030287291,30.28729103
Inb.4,20,10,0.036757554,36.7575538
Inb.4,20,11,0.044378116,44.3781155
Inb.4,20,12,0.043325336,43.32533619
Inb.4,21,1,0.044378116,44.3781155
Inb.4,21,2,0.028599627,28.59962661
Inb.4,21,3,0.035329967,35.32996689
Inb.4,21,4,0.015555004,15.55500366
Inb.4,21,5,0.044281711,44.28171123
Inb.4,21,6,0.027603711,27.60371077
Inb.4,21,7,0.044281711,44.28171123
Inb.4,21,8,0.03483508,34.83507965
Inb.4,21,9,0.033378189,33.37818938
Inb.4,21,10,0.039816746,39.81674588
Inb.4,21,11,0.041546353,41.54635258
Inb.4,22,1,0.024559602,24.55960211
Inb.4,22,2,0.014523562,14.52356216
Inb.4,22,3,0.031117379,31.11737886
Inb.4,22,4,0.037098953,37.09895306
Inb.4,22,5,0.017449583,17.44958343
Inb.4,22,6,0.013802776,13.80277567
Inb.4,22,7,0.02180797,21.80796976
Inb.4,22,8,0.018078338,18.07833784
Inb.4,22,9,0.013149071,13.14907126
Inb.4,22,10,0.03393983,33.93982992
Inb.4,22,11,0.021988698,21.98869787
Inb.4,23,1,0.03467115,34.67115014
Inb.4,23,2,0.026357582,26.3575819
Inb.4,23,3,0.026631188,26.63118784
Inb.4,23,4,0.02925234,29.25234044
Inb.4,23,5,0.03467115,34.67115014
Inb.4,23,6,0.02845591,28.45591017
Inb.4,23,7,0.031499652,31.49965199
Inb.4,23,8,0.034507736,34.50773571
Inb.4,23,9,0.022414274,22.41427388
Inb.4,23,10,0.018131405,18.13140534
Inb.4,23,11,0.031041297,31.04129728
Inb.4,24,1,0.059888182,59.88818178
Inb.4,24,2,0.046038463,46.0384629
Inb.4,24,3,0.018939924,18.93992433
Inb.4,24,4,0.034101448,34.10144789
Inb.4,24,5,0.020340259,20.3402591
Inb.4,24,6,0.025548021,25.5480208
Inb.4,24,7,0.048965498,48.96549774
Inb.4,24,8,0.052876728,52.87672825
Inb.4,24,9,0.031730512,31.73051172
Inb.4,24,10,0.029840803,29.84080258
Inb.4,24,11,0.017089633,17.08963296
Inb.4,27,1,0.021688036,21.68803619
Inb.4,27,2,0.079497531,79.49753083
Inb.4,27,3,0.033458041,33.45804147
Inb.4,27,4,0.031193585,31.19358465
Inb.4,27,5,0.041546353,41.54635258
Inb.4,27,6,0.031269915,31.26991476
Inb.4,27,7,0.022475515,22.47551503
Inb.4,27,8,0.054298855,54.29885471
Inb.4,27,9,0.056763222,56.76322175
Inb.4,27,10,0.022109736,22.10973631
Inb.4,27,11,0.026425807,26.42580684
Inb.4,27,12,0.052768374,52.76837433
Inb.4,31,1,0.023219131,23.21913083
Inb.4,31,2,0.039727069,39.72706856
Inb.4,31,3,0.041086434,41.08643406
Inb.4,31,4,0.029692954,29.69295412
Inb.4,31,5,0.033060052,33.06005152
Inb.4,31,6,0.027114543,27.11454257
Inb.4,31,7,0.028169923,28.16992327
Inb.4,31,8,0.055521923,55.52192339
Inb.4,31,9,0.030813797,30.81379683
Inb.4,31,10,0.04210277,42.1027696
Inb.4,31,11,0.039103095,39.10309468
Inb.4,31,12,0.030362136,30.36213604
Inb.4,32,1,0.032743942,32.74394162
Inb.4,32,2,0.043041133,43.041133
Inb.4,32,3,0.03219561,32.19560959
Inb.4,32,4,0.030287291,30.28729103
Inb.4,32,5,0.030063494,30.06349422
Inb.4,32,6,0.029914911,29.9149105
Inb.4,32,7,0.036081052,36.08105154
Inb.4,32,8,0.040903421,40.90342126
Inb.4,32,9,0.025414727,25.41472705
Inb.4,32,10,0.048350017,48.35001689
Inb.4,32,11,0.041269992,41.26999195
Inb.4,33,1,0.029914911,29.9149105
Inb.4,33,2,0.025481316,25.48131582
Inb.4,33,3,0.026153612,26.15361184
Inb.4,33,4,0.022907329,22.90732933
Inb.4,33,5,0.032429853,32.42985321
Inb.4,33,6,0.02568178,25.6817798
Inb.4,33,7,0.022353144,22.35314407
Inb.4,33,8,0.022659908,22.65990758
Inb.4,33,9,0.031962497,31.96249667
Inb.4,33,10,0.032508186,32.50818615
Inb.4,33,11,0.031269915,31.26991476
Inb.4,34,1,0.014025397,14.02539683
Inb.4,34,2,0.010443604,10.44360365
Inb.4,34,3,0.042758175,42.7581754
Inb.4,34,4,0.017553347,17.55334679
Inb.4,34,5,0.01628555,16.28555002
Inb.4,34,6,0.019269945,19.2699447
Inb.4,34,7,0.03778808,37.78808024
Inb.4,34,8,0.017397855,17.39785545
Inb.4,34,9,0.016987707,16.98770699
Inb.4,34,10,0.020628361,20.6283605
Inb.4,34,11,0.025883292,25.88329242
Inb.4,34,12,0.016785072,16.78507248
Inb.4,35,1,0.029545595,29.54559482
Inb.4,35,2,0.034101448,34.10144789
Inb.4,35,3,0.027956695,27.95669515
Inb.4,35,4,0.028027651,28.0276512
Inb.4,35,5,0.029914911,29.9149105
Inb.4,35,6,0.021628235,21.62823465
Inb.4,35,7,0.026085856,26.0858564
Inb.4,35,8,0.025548021,25.5480208
Inb.4,35,9,0.028384233,28.38423284
Inb.4,35,10,0.028743826,28.74382614
Inb.4,35,11,0.022907329,22.90732933
Inb.4,35,12,0.031422948,31.42294833
Inb.4,38,1,0.033139396,33.13939561
Inb.4,38,2,0.018237852,18.23785167
Inb.4,38,3,0.064106991,64.10699088
Inb.4,38,4,0.020744359,20.74435851
Inb.4,38,5,0.045939668,45.93966795
Inb.4,38,6,0.020340259,20.3402591
Inb.4,38,7,0.020225774,20.22577386
Inb.4,38,8,0.033218867,33.21886655
Inb.4,38,9,0.023219131,23.21913083
Inb.4,38,10,0.015269015,15.26901491
Inb.4,38,11,0.016484152,16.48415211
Inb.4,39,1,0.012641224,12.64122445
Inb.4,39,2,0.012228146,12.22814576
Inb.4,39,3,0.025348254,25.34825439
Inb.4,39,4,0.023533749,23.53374895
Inb.4,39,5,0.031653434,31.65343359
Inb.4,39,6,0.026631188,26.63118784
Inb.4,39,7,0.014615386,14.61538631
Inb.4,39,8,0.039191831,39.19183087
Inb.4,39,9,0.02925234,29.25234044
Inb.4,39,10,0.037013406,37.01340593
Inb.4,39,11,0.019214677,19.2146772
Inb.4,39,12,0.038661422,38.66142236
Inb.4,40,1,0.021747948,21.74794786
Inb.4,40,2,0.026289474,26.28947448
Inb.4,40,3,0.019049509,19.04950897
Inb.4,40,4,0.033218867,33.21886655
Inb.4,40,5,0.025414727,25.41472705
Inb.4,40,6,0.015844541,15.84454135
Inb.4,40,7,0.027815143,27.81514254
Inb.4,40,8,0.028961033,28.96103298
Inb.4,40,9,0.01734623,17.3462298
Inb.4,40,10,0.019380797,19.38079742
Inb.4,40,11,0.023344639,23.34463938
Inb.4,40,12,0.023094073,23.09407295
Inb.4,42,1,0.036418255,36.41825545
Inb.4,42,2,0.024559602,24.55960211
Inb.4,42,3,0.037874816,37.87481643
Inb.4,42,4,0.045154392,45.15439162
Inb.4,42,5,0.027815143,27.81514254
Inb.4,42,6,0.023094073,23.09407295
Inb.4,42,7,0.027533472,27.53347236
Inb.4,42,8,0.030212569,30.21256913
Inb.4,42,9,0.01633505,16.33505014
Inb.4,43,1,0.022414274,22.41427388
Inb.4,43,2,0.02180797,21.80796976
Inb.4,43,3,0.020860791,20.86079056
Inb.4,43,4,0.02144949,21.44948982
Inb.4,43,5,0.022049162,22.04916172
Inb.4,43,6,0.020686305,20.6863053
Inb.4,43,7,0.026768698,26.76869801
Inb.4,43,8,0.035829519,35.82951917
Inb.4,43,9,0.027603711,27.60371077
Inb.4,43,10,0.039906558,39.90655805
Inb.4,43,11,0.029545595,29.54559482
Inb.4,43,12,0.028027651,28.0276512
Inb.4,44,1,0.030813797,30.81379683
Inb.4,44,2,0.03013797,30.13797023
Inb.4,44,3,0.03266523,32.66523026
Inb.4,44,4,0.030889506,30.88950637
Inb.4,44,5,0.023597012,23.59701169
Inb.4,44,6,0.029692954,29.69295412
Inb.4,44,7,0.034344836,34.34483558
Inb.4,44,8,0.04447466,44.47465959
Inb.4,44,9,0.029989141,29.98914102
Inb.4,44,10,0.023851196,23.85119635
Inb.4,44,11,0.033538021,33.53802082
Inb.4,44,12,0.023851196,23.85119635
Inb.4,45,1,0.025548021,25.5480208
Inb.4,45,2,0.038485689,38.48568889
Inb.4,45,3,0.040267157,40.26715731
Inb.4,45,4,0.040903421,40.90342126
Inb.4,45,5,0.026425807,26.42580684
Inb.4,45,6,0.025083523,25.08352281
Inb.4,45,7,0.046733996,46.73399635
Inb.4,45,8,0.028743826,28.74382614
Inb.4,45,9,0.03266523,32.66523026
Inb.4,45,10,0.042758175,42.7581754
Inb.4,45,11,0.034426221,34.42622141
Inb.4,45,12,0.035412901,35.41290105
Inb.5,1,1,0.040812119,40.81211901
Inb.5,1,2,0.027184067,27.184067
Inb.5,1,3,0.040448269,40.44826869
Inb.5,1,4,0.027674069,27.67406854
Inb.5,1,5,0.028384233,28.38423284
Inb.5,1,6,0.022353144,22.35314407
Inb.5,1,7,0.018237852,18.23785167
Inb.5,1,8,0.015080317,15.08031657
Inb.5,1,9,0.013626385,13.62638452
Inb.5,1,10,0.048965498,48.96549774
Inb.5,1,11,0.034426221,34.42622141
Inb.5,1,12,0.031041297,31.04129728
Inb.5,2,1,0.02725371,27.25371018
Inb.5,2,2,0.027603711,27.60371077
Inb.5,2,3,0.02449463,24.49462965
Inb.5,2,4,0.029472098,29.47209835
Inb.5,2,5,0.038398022,38.39802221
Inb.5,2,6,0.04804422,48.04422008
Inb.5,2,7,0.027603711,27.60371077
Inb.5,2,8,0.023219131,23.21913083
Inb.5,2,9,0.034507736,34.50773571
Inb.5,2,10,0.034507736,34.50773571
Inb.5,2,11,0.026425807,26.42580684
Inb.5,2,12,0.018078338,18.07833784
Inb.5,5,1,0.025083523,25.08352281
Inb.5,5,2,0.047235071,47.23507141
Inb.5,5,3,0.022598332,22.59833178
Inb.5,5,4,0.016484152,16.48415211
Inb.5,5,5,0.02397897,23.97897035
Inb.5,5,6,0.019104459,19.10445944
Inb.5,5,7,0.041361976,41.36197555
Inb.5,5,8,0.059418166,59.4181655
Inb.5,5,9,0.035247162,35.24716231
Inb.5,5,10,0.028312676,28.31267599
Inb.5,6,11,0.020977657,20.97765746
Inb.5,6,1,0.025481316,25.48131582
Inb.5,6,2,0.007982593,7.982592688
Inb.5,6,3,0.037098953,37.09895306
Inb.5,6,4,0.016886187,16.8861871
Inb.5,6,5,0.006759803,6.759803327
Inb.5,6,6,0.01231003,12.3100304
Inb.5,6,7,0.011312426,11.31242612
Inb.5,6,8,0.018722017,18.72201748
Inb.5,6,9,0.028169923,28.16992327
Inb.5,6,10,0.012809026,12.80902614
Inb.5,7,1,0.030813797,30.81379683
Inb.5,7,2,0.025748834,25.74883403
Inb.5,7,3,0.032429853,32.42985321
Inb.5,7,4,0.021868102,21.86810199
Inb.5,7,5,0.027674069,27.67406854
Inb.5,7,6,0.01888529,18.88528997
Inb.5,7,7,0.01608855,16.08854954
Inb.5,7,8,0.019049509,19.04950897
Inb.5,7,9,0.022292126,22.29212552
Inb.5,7,10,0.02091917,20.9191696
Inb.5,7,11,0.028816107,28.81610731
Inb.5,7,12,0.022475515,22.47551503
Inb.5,8,1,0.025017629,25.01762918
Inb.5,8,2,0.03266523,32.66523026
Inb.5,8,3,0.018667803,18.66780317
Inb.5,8,4,0.028599627,28.59962661
Inb.5,8,5,0.059184082,59.18408239
Inb.5,8,6,0.029398724,29.39872386
Inb.5,8,7,0.03096534,30.96533982
Inb.5,8,8,0.036587642,36.58764242
Inb.5,8,9,0.019104459,19.10445944
Inb.5,8,10,0.014523562,14.52356216
Inb.5,8,11,0.017657521,17.65752069
Inb.5,8,12,0.026699884,26.69988391
Inb.5,9,1,0.026018218,26.01821809
Inb.5,9,2,0.035913233,35.91323296
Inb.5,9,3,0.026425807,26.42580684
Inb.5,9,4,0.042476461,42.47646066
Inb.5,9,5,0.030587411,30.58741066
Inb.5,9,6,0.02683763,26.83763024
Inb.5,9,7,0.012106001,12.10600093
Inb.5,9,8,0.015459281,15.45928083
Inb.5,9,9,0.015363952,15.36395152
Inb.5,9,10,0.042570228,42.57022764
Inb.5,9,11,0.028312676,28.31267599
Inb.5,11,1,0.015893144,15.89314421
Inb.5,11,2,0.026494149,26.49414941
Inb.5,11,3,0.025215657,25.21565699
Inb.5,11,4,0.036672533,36.67253251
Inb.5,11,5,0.011157992,11.15799242
Inb.5,11,6,0.017243285,17.24328509
Inb.5,11,7,0.019941442,19.94144196
Inb.5,11,8,0.020111719,20.11171901
Inb.5,11,9,0.030512196,30.51219574
Inb.5,11,10,0.026631188,26.63118784
Inb.5,12,1,0.015651121,15.65112082
Inb.5,12,2,0.014386548,14.38654833
Inb.5,12,3,0.029989141,29.98914102
Inb.5,12,4,0.008293973,8.293972796
Inb.5,12,5,0.012641224,12.64122445
Inb.5,12,6,0.020512796,20.51279573
Inb.5,12,7,0.024429772,24.42977188
Inb.5,12,8,0.021153775,21.15377494
Inb.5,12,9,0.031807715,31.80771488
Inb.5,12,10,0.016936896,16.93689634
Inb.5,13,1,0.03211778,32.11777979
Inb.5,13,2,0.025950697,25.95069679
Inb.5,13,3,0.034263578,34.26357812
Inb.5,13,4,0.02397897,23.97897035
Inb.5,13,5,0.022292126,22.29212552
Inb.5,13,6,0.025883292,25.88329242
Inb.5,13,7,0.015127345,15.12734455
Inb.5,13,8,0.02397897,23.97897035
Inb.5,14,1,0.050002868,50.00286822
Inb.5,14,2,0.026494149,26.49414941
Inb.5,14,3,0.022353144,22.35314407
Inb.5,14,4,0.022845306,22.84530591
Inb.5,14,5,0.030437104,30.43710424
Inb.5,14,6,0.020512796,20.51279573
Inb.5,14,7,0.03211778,32.11777979
Inb.5,14,8,0.038661422,38.66142236
Inb.5,14,9,0.03467115,34.67115014
Inb.5,14,10,0.036842706,36.8427064
Inb.5,14,11,0.036587642,36.58764242
Inb.5,16,1,0.013582523,13.5825228
Inb.5,16,2,0.010116128,10.11612812
Inb.5,16,3,0.023915026,23.91502646
Inb.5,16,4,0.012851207,12.85120731
Inb.5,16,5,0.006814985,6.814985123
Inb.5,16,6,0.002824791,2.824791472
Inb.5,17,1,0.031807715,31.80771488
Inb.5,17,2,0.034507736,34.50773571
Inb.5,17,3,0.027885859,27.88585897
Inb.5,17,4,0.038926024,38.92602433
Inb.5,17,5,0.025281898,25.28189774
Inb.5,17,6,0.017294706,17.29470638
Inb.5,17,7,0.033298464,33.29846444
Inb.5,17,8,0.020628361,20.6283605
Inb.5,17,9,0.025816005,25.81600486
Inb.5,18,1,0.034917238,34.91723783
Inb.5,18,2,0.033378189,33.37818938
Inb.5,18,3,0.038135821,38.13582114
Inb.5,18,4,0.043610788,43.61078771
Inb.5,18,5,0.015699328,15.69932752
Inb.5,18,6,0.031885043,31.88504316
Inb.5,18,7,0.029179331,29.17933131
Inb.5,18,8,0.014250399,14.25039894
Inb.5,18,9,0.01888529,18.88528997
Inb.5,18,10,0.037615005,37.61500534
Inb.5,18,11,0.047034214,47.03421383
Inb.5,19,1,0.027393353,27.39335317
Inb.5,19,2,0.026357582,26.3575819
Inb.5,19,3,0.019772129,19.77212874
Inb.5,19,4,0.014160112,14.16011157
Inb.5,19,5,0.033698362,33.69836169
Inb.5,19,6,0.01048042,10.48042008
Inb.5,19,7,0.019715905,19.71590471
Inb.5,19,8,0.028098727,28.0987272
Inb.5,19,9,0.029179331,29.17933131
Inb.5,19,10,0.025950697,25.95069679
Inb.5,19,11,0.020455176,20.45517555
Inb.5,19,12,0.014432123,14.43212342
Inb.5,20,1,0.011546738,11.54673828
Inb.5,20,2,0.016039549,16.03954892
Inb.5,20,3,0.030587411,30.58741066
Inb.5,20,4,0.018078338,18.07833784
Inb.5,20,5,0.016886187,16.8861871
Inb.5,20,6,0.023281829,23.28182872
Inb.5,20,7,0.035579159,35.57915853
Inb.5,20,8,0.010517323,10.51732293
Inb.5,20,9,0.00670492,6.704920213
Inb.5,20,10,0.009972808,9.972808494
Inb.5,20,11,0.042009691,42.00969056
Inb.5,21,1,0.040539028,40.53902768
Inb.5,21,2,0.028384233,28.38423284
Inb.5,21,3,0.034917238,34.91723783
Inb.5,21,4,0.025481316,25.48131582
Inb.5,21,5,0.040176805,40.17680471
Inb.5,21,6,0.045742502,45.74250226
Inb.5,21,7,0.040903421,40.90342126
Inb.5,21,8,0.048554601,48.55460061
Inb.5,21,9,0.052768374,52.76837433
Inb.5,21,10,0.039280701,39.2807012
Inb.5,21,11,0.033698362,33.69836169
Inb.5,21,12,0.029472098,29.47209835
Inb.5,22,1,0.033218867,33.21886655
Inb.5,22,2,0.025149532,25.14953205
Inb.5,22,3,0.037961685,37.96168524
Inb.5,22,4,0.027184067,27.184067
Inb.5,22,5,0.030587411,30.58741066
Inb.5,22,6,0.031730512,31.73051172
Inb.5,22,7,0.026153612,26.15361184
Inb.5,22,8,0.026906681,26.90668072
Inb.5,22,9,0.028743826,28.74382614
Inb.5,22,10,0.025017629,25.01762918
Inb.5,22,11,0.023156546,23.15654561
Inb.5,23,1,0.033618128,33.61812752
Inb.5,23,2,0.03013797,30.13797023
Inb.5,23,3,0.023344639,23.34463938
Inb.5,23,4,0.029106444,29.10644375
Inb.5,23,5,0.027323472,27.32347221
Inb.5,23,6,0.031193585,31.19358465
Inb.5,23,7,0.038223088,38.22308843
Inb.5,23,8,0.027815143,27.81514254
Inb.5,23,9,0.029106444,29.10644375
Inb.5,23,10,0.027463353,27.46335319
Inb.5,23,11,0.007921267,7.921267021
Inb.5,23,12,0.020168693,20.16869269
Inb.5,24,1,0.040629922,40.62992232
Inb.5,24,2,0.023723877,23.72387707
Inb.5,24,3,0.025816005,25.81600486
Inb.5,24,4,0.031962497,31.96249667
Inb.5,24,5,0.022659908,22.65990758
Inb.5,24,6,0.02091917,20.9191696
Inb.5,24,7,0.018994664,18.99466396
Inb.5,24,8,0.030813797,30.81379683
Inb.5,24,9,0.030287291,30.28729103
Inb.5,24,10,0.023407563,23.4075629
Inb.5,24,11,0.049898478,49.89847813
Inb.5,27,1,0.037961685,37.96168524
Inb.5,27,2,0.019715905,19.71590471
Inb.5,27,3,0.037184632,37.1846319
Inb.5,27,4,0.032508186,32.50818615
Inb.5,27,5,0.035579159,35.57915853
Inb.5,27,6,0.02449463,24.49462965
Inb.5,27,7,0.039280701,39.2807012
Inb.5,27,8,0.029692954,29.69295412
Inb.5,27,9,0.03266523,32.66523026
Inb.5,27,10,0.029106444,29.10644375
Inb.5,27,11,0.045154392,45.15439162
Inb.5,27,12,0.032980834,32.98083418
Inb.5,31,1,0.038398022,38.39802221
Inb.5,31,2,0.040086587,40.08658737
Inb.5,31,3,0.03778808,37.78808024
Inb.5,31,4,0.023219131,23.21913083
Inb.5,31,5,0.039014493,39.01449254
Inb.5,31,6,0.034344836,34.34483558
Inb.5,31,7,0.042852356,42.85235637
Inb.5,31,8,0.025281898,25.28189774
Inb.5,31,9,0.030889506,30.88950637
Inb.5,31,10,0.015796038,15.79603769
Inb.5,31,11,0.022170422,22.17042173
Inb.5,31,12,0.038310489,38.31048875
Inb.5,32,1,0.029989141,29.98914102
Inb.5,32,2,0.034020575,34.02057492
Inb.5,32,3,0.020744359,20.74435851
Inb.5,32,4,0.029179331,29.17933131
Inb.5,32,5,0.031422948,31.42294833
Inb.5,32,6,0.027114543,27.11454257
Inb.5,32,7,0.031730512,31.73051172
Inb.5,32,8,0.022969465,22.96946491
Inb.5,32,9,0.027533472,27.53347236
Inb.5,32,10,0.026153612,26.15361184
Inb.5,32,11,0.025149532,25.14953205
Inb.5,32,12,0.016434351,16.43435108
Inb.5,33,1,0.016634159,16.63415865
Inb.5,33,2,0.021508962,21.50896157
Inb.5,33,3,0.023219131,23.21913083
Inb.5,33,4,0.022721595,22.72159514
Inb.5,33,5,0.005693238,5.69323769
Inb.5,33,6,0.018184577,18.18457658
Inb.5,33,7,0.030813797,30.81379683
Inb.5,33,8,0.021988698,21.98869787
Inb.5,33,9,0.016534054,16.53405365
Inb.5,33,10,0.015796038,15.79603769
Inb.5,33,11,0.01170473,11.70473024
Inb.5,34,1,0.021390128,21.39012779
Inb.5,34,2,0.026289474,26.28947448
Inb.5,34,3,0.014205207,14.20520743
Inb.5,34,4,0.021988698,21.98869787
Inb.5,34,5,0.019104459,19.10445944
Inb.5,34,6,0.016886187,16.8861871
Inb.5,34,7,0.02144949,21.44948982
Inb.5,34,8,0.007412631,7.412630868
Inb.5,34,9,0.015459281,15.45928083
Inb.5,34,10,0.018291231,18.29123072
Inb.5,34,11,0.011119605,11.11960486
Inb.5,34,12,0.013364626,13.36462555
Inb.5,35,1,0.022969465,22.96946491
Inb.5,35,2,0.017605382,17.60538237
Inb.5,35,3,0.027184067,27.184067
Inb.5,35,4,0.035913233,35.91323296
Inb.5,35,5,0.045447813,45.44781275
Inb.5,35,6,0.028241239,28.2412395
Inb.5,35,7,0.026494149,26.49414941
Inb.5,35,8,0.027463353,27.46335319
Inb.5,35,9,0.033618128,33.61812752
Inb.5,35,10,0.025816005,25.81600486
Inb.5,35,11,0.036672533,36.67253251
Inb.5,35,12,0.023094073,23.09407295
Inb.5,38,1,0.015411567,15.41156704
Inb.5,38,2,0.01239228,12.39227977
Inb.5,38,3,0.020686305,20.6863053
Inb.5,38,4,0.02091917,20.9191696
Inb.5,38,5,0.015747633,15.74763311
Inb.5,38,6,0.015459281,15.45928083
Inb.5,38,7,0.018994664,18.99466396
Inb.5,38,8,0.014205207,14.20520743
Inb.5,38,9,0.01633505,16.33505014
Inb.5,38,10,0.012893481,12.89348099
Inb.5,38,11,0.006224279,6.224279179
Inb.5,38,12,0.025083523,25.08352281
Inb.5,39,1,0.01608855,16.08854954
Inb.5,39,2,0.019492074,19.49207445
Inb.5,39,3,0.016634159,16.63415865
Inb.5,39,4,0.036081052,36.08105154
Inb.5,39,5,0.026425807,26.42580684
Inb.5,39,6,0.019159515,19.15951548
Inb.5,39,7,0.004024451,4.024451199
Inb.5,39,8,0.018722017,18.72201748
Inb.5,39,9,0.016434351,16.43435108
Inb.5,39,10,0.019492074,19.49207445
Inb.5,39,11,0.018830761,18.83076077
Inb.5,40,1,0.023219131,23.21913083
Inb.5,40,2,0.022170422,22.17042173
Inb.5,40,3,0.022598332,22.59833178
Inb.5,40,4,0.030512196,30.51219574
Inb.5,40,5,0.021568543,21.56854314
Inb.5,40,6,0.026085856,26.0858564
Inb.5,40,7,0.024235886,24.23588571
Inb.5,40,8,0.014295686,14.29568619
Inb.5,40,9,0.015459281,15.45928083
Inb.5,40,10,0.009107618,9.107618102
Inb.5,40,11,0.00779956,7.799559558
Inb.5,40,12,0.022049162,22.04916172
Inb.5,42,1,0.028599627,28.59962661
Inb.5,42,2,0.01982846,19.82845956
Inb.5,42,3,0.027885859,27.88585897
Inb.5,42,4,0.021036254,21.03625424
Inb.5,42,5,0.035081942,35.08194151
Inb.5,42,6,0.04099486,40.99485957
Inb.5,42,7,0.036842706,36.8427064
Inb.5,42,8,0.023470599,23.47059939
Inb.5,42,9,0.025348254,25.34825439
Inb.5,42,10,0.026631188,26.63118784
Inb.5,42,11,0.034101448,34.10144789
Inb.5,42,12,0.002965485,2.965484634
Inb.5,43,1,0.038485689,38.48568889
Inb.5,43,2,0.032901743,32.90174348
Inb.5,43,3,0.023851196,23.85119635
Inb.5,43,4,0.030813797,30.81379683
Inb.5,43,5,0.039014493,39.01449254
Inb.5,43,6,0.02080252,20.80252023
Inb.5,43,7,0.023723877,23.72387707
Inb.5,43,8,0.013364626,13.36462555
Inb.5,43,9,0.023094073,23.09407295
Inb.5,43,10,0.028027651,28.0276512
Inb.5,43,11,0.017553347,17.55334679
Inb.5,43,12,0.035997077,35.99707705
Inb.5,44,1,0.02697585,26.97584953
Inb.5,44,2,0.028312676,28.31267599
Inb.5,44,3,0.021988698,21.98869787
Inb.5,44,4,0.00667759,6.677590409
Inb.5,44,5,0.02656261,26.56260971
Inb.5,44,6,0.027885859,27.88585897
Inb.5,44,7,0.031269915,31.26991476
Inb.5,44,8,0.022292126,22.29212552
Inb.5,44,9,0.031041297,31.04129728
Inb.5,44,10,0.036502883,36.50288343
Inb.5,44,11,0.028816107,28.81610731
Inb.5,44,12,0.02109496,21.09496003
Inb.5,45,1,0.036587642,36.58764242
Inb.5,45,2,0.018131405,18.13140534
Inb.5,45,3,0.027603711,27.60371077
Inb.5,45,4,0.037961685,37.96168524
Inb.5,45,5,0.023723877,23.72387707
Inb.5,45,6,0.027533472,27.53347236
Inb.5,45,7,0.031041297,31.04129728
Inb.5,45,8,0.024171486,24.1714857
Inb.5,45,9,0.022049162,22.04916172
Inb.5,45,10,0.007038715,7.03871535
Inb.5,45,11,0.036672533,36.67253251
Inb.5,45,12,0.024235886,24.23588571
Inb.6,1,1,0.015033386,15.03338615
Inb.6,1,2,0.009516379,9.516379196
Inb.6,1,3,0.006329033,6.329033452
Inb.6,1,4,0.019772129,19.77212874
Inb.6,1,5,0.010928987,10.92898725
Inb.6,1,6,0.016634159,16.63415865
Inb.6,1,7,0.011312426,11.31242612
Inb.6,1,8,0.013191995,13.19199529
Inb.6,1,9,0.013714391,13.71439103
Inb.6,1,10,0.012935847,12.93584726
Inb.6,1,11,0.017867103,17.86710333
Inb.6,1,12,0.007412631,7.412630868
Inb.6,2,1,0.024755209,24.75520865
Inb.6,2,2,0.014893179,14.89317931
Inb.6,2,3,0.015080317,15.08031657
Inb.6,2,4,0.015221694,15.22169362
Inb.6,2,5,0.013408017,13.40801716
Inb.6,2,6,0.010554312,10.55431231
Inb.6,2,7,0.015651121,15.65112082
Inb.6,2,8,0.018398301,18.39830106
Inb.6,2,9,0.017867103,17.86710333
Inb.6,5,1,0.025816005,25.81600486
Inb.6,5,2,0.021628235,21.62823465
Inb.6,5,3,0.021988698,21.98869787
Inb.6,5,4,0.021390128,21.39012779
Inb.6,5,5,0.031269915,31.26991476
Inb.6,5,6,0.023031713,23.03171275
Inb.6,5,7,0.019884897,19.88489726
Inb.6,5,8,0.024951851,24.95185105
Inb.6,5,9,0.014025397,14.02539683
Inb.6,5,10,0.024043028,24.04302812
Inb.6,5,11,0.022721595,22.72159514
Inb.6,5,12,0.031499652,31.49965199
Inb.6,6,1,0.01194441,11.94441018
Inb.6,6,2,0.004102847,4.102847416
Inb.6,6,3,0.008293973,8.293972796
Inb.6,6,4,0.003814024,3.814024468
Inb.6,6,5,0.005791962,5.791962175
Inb.6,6,6,0.011824165,11.82416535
Inb.6,6,7,0.011119605,11.11960486
Inb.6,6,8,0.006461621,6.461620669
Inb.6,6,9,0.004766978,4.766977643
Inb.6,6,10,0.00689832,6.898319622
Inb.6,6,11,0.005124357,5.124357447
Inb.6,6,12,0.003665684,3.665683907
Inb.6,7,1,0.009378795,9.378795137
Inb.6,7,2,0.01608855,16.08854954
Inb.6,7,3,0.019159515,19.15951548
Inb.6,7,4,0.01218734,12.18733997
Inb.6,7,5,0.012025025,12.0250246
Inb.6,7,6,0.006596047,6.596046792
Inb.6,7,7,0.017038619,17.03861917
Inb.6,7,8,0.016987707,16.98770699
Inb.6,7,9,0.018131405,18.13140534
Inb.6,7,10,0.017191966,17.19196582
Inb.6,7,11,0.012935847,12.93584726
Inb.6,8,1,0.010152171,10.15217129
Inb.6,8,2,0.010815669,10.81566917
Inb.6,8,3,0.010406874,10.40687354
Inb.6,8,4,0.007038715,7.03871535
Inb.6,8,5,0.005547264,5.547264438
Inb.6,8,6,0.008581047,8.581046809
Inb.6,8,7,0.008940816,8.940816093
Inb.6,8,8,0.00900729,9.00729029
Inb.6,8,9,0.00744193,7.44192977
Inb.6,8,10,0.009620446,9.62044561
Inb.6,8,11,0.010665801,10.66580061
Inb.6,8,12,0.009174916,9.174915502
Inb.6,9,1,0.021508962,21.50896157
Inb.6,9,2,0.023156546,23.15654561
Inb.6,9,3,0.027323472,27.32347221
Inb.6,9,4,0.040903421,40.90342126
Inb.6,9,5,0.028312676,28.31267599
Inb.6,9,6,0.010815669,10.81566917
Inb.6,9,7,0.016484152,16.48415211
Inb.6,9,8,0.019772129,19.77212874
Inb.6,9,9,0.020455176,20.45517555
Inb.6,9,10,0.013714391,13.71439103
Inb.6,9,11,0.011864157,11.86415686
Inb.6,11,1,0.024755209,24.75520865
Inb.6,11,2,0.01231003,12.3100304
Inb.6,11,3,0.026289474,26.28947448
Inb.6,11,4,0.016936896,16.93689634
Inb.6,11,5,0.01628555,16.28555002
Inb.6,11,6,0.013626385,13.62638452
Inb.6,11,7,0.028961033,28.96103298
Inb.6,11,8,0.019049509,19.04950897
Inb.6,11,9,0.020054853,20.05485274
Inb.6,11,10,0.015033386,15.03338615
Inb.6,11,11,0.020054853,20.05485274
Inb.6,11,12,0.014569426,14.569426
Inb.6,12,1,0.019941442,19.94144196
Inb.6,12,2,0.019325318,19.32531807
Inb.6,12,3,0.009516379,9.516379196
Inb.6,12,4,0.021628235,21.62823465
Inb.6,12,5,0.018994664,18.99466396
Inb.6,12,6,0.019603777,19.60377661
Inb.6,12,7,0.023407563,23.4075629
Inb.6,12,8,0.023533749,23.53374895
Inb.6,12,9,0.02080252,20.80252023
Inb.6,12,10,0.029840803,29.84080258
Inb.6,12,11,0.021868102,21.86810199
Inb.6,13,1,0.038573489,38.57348891
Inb.6,13,2,0.002148996,2.148995728
Inb.6,13,3,0.005942179,5.942178588
Inb.6,13,4,0.003647416,3.647416413
Inb.6,13,5,0.004323672,4.323672324
Inb.6,13,6,0.003611064,3.611063695
Inb.6,13,7,0.004364655,4.364654728
Inb.6,13,8,0.004385243,4.385242688
Inb.6,13,9,0.001549035,1.549034971
Inb.6,13,10,0.003795267,3.795267004
Inb.6,14,1,0.022414274,22.41427388
Inb.6,14,2,0.027463353,27.46335319
Inb.6,14,3,0.021036254,21.03625424
Inb.6,14,4,0.024624689,24.62468936
Inb.6,14,5,0.040176805,40.17680471
Inb.6,14,6,0.011081305,11.08130545
Inb.6,14,7,0.016987707,16.98770699
Inb.6,14,8,0.013408017,13.40801716
Inb.6,14,9,0.021153775,21.15377494
Inb.6,14,10,0.018939924,18.93992433
Inb.6,14,11,0.017814553,17.81455306
Inb.6,14,12,0.018939924,18.93992433
Inb.6,16,1,0.006018251,6.018251081
Inb.6,16,2,0.00880885,8.808850473
Inb.6,16,3,0.014070206,14.07020637
Inb.6,16,4,0.002360661,2.360661246
Inb.6,16,5,0.014846638,14.84663816
Inb.6,16,6,0.013582523,13.5825228
Inb.6,16,7,0.024755209,24.75520865
Inb.6,16,8,0.005742458,5.742458494
Inb.6,16,9,0.01037023,10.37022965
Inb.6,16,10,0.015507093,15.50709301
Inb.6,16,11,0.008388941,8.388941033
Inb.6,17,1,0.014250399,14.25039894
Inb.6,17,2,0.011625555,11.62555534
Inb.6,17,3,0.015363952,15.36395152
Inb.6,17,4,0.009937191,9.937191354
Inb.6,17,5,0.009655302,9.655302263
Inb.6,17,6,0.00813729,8.137289835
Inb.6,17,7,0.008613347,8.613346825
Inb.6,17,8,0.006120687,6.120687217
Inb.6,17,9,0.008613347,8.613346825
Inb.6,17,10,0.014707597,14.70759667
Inb.6,17,11,0.012516339,12.5163395
Inb.6,17,12,0.011004971,11.00497067
Inb.6,18,1,0.019436383,19.43638284
Inb.6,18,2,0.019159515,19.15951548
Inb.6,18,3,0.017140748,17.14074848
Inb.6,18,4,0.014800194,14.80019407
Inb.6,18,5,0.016734667,16.73466689
Inb.6,18,6,0.017140748,17.14074848
Inb.6,18,7,0.032743942,32.74394162
Inb.6,18,8,0.009141226,9.141225515
Inb.6,18,9,0.013451503,13.45150258
Inb.6,18,10,0.022598332,22.59833178
Inb.6,18,11,0.021928345,21.92834466
Inb.6,18,12,0.013538755,13.5387553
Inb.6,19,1,0.011824165,11.82416535
Inb.6,19,2,0.011784264,11.78426381
Inb.6,19,3,0.008199724,8.199724012
Inb.6,19,4,0.012106001,12.10600093
Inb.6,19,5,0.011984672,11.98467221
Inb.6,19,6,0.0102972,10.29720014
Inb.6,19,7,0.008613347,8.613346825
Inb.6,19,8,0.016534054,16.53405365
Inb.6,19,9,0.012978306,12.97830625
Inb.6,19,10,0.013020858,13.02085804
Inb.6,19,11,0.004876812,4.876811567
Inb.6,19,12,0.00887467,8.874669757
Inb.6,20,1,0.021688036,21.68803619
Inb.6,20,2,0.014986553,14.98655321
Inb.6,20,3,0.013714391,13.71439103
Inb.6,20,4,0.008613347,8.613346825
Inb.6,20,5,0.020168693,20.16869269
Inb.6,20,6,0.02697585,26.97584953
Inb.6,20,7,0.007181003,7.181003175
Inb.6,20,8,0.005239594,5.2395936
Inb.6,20,9,0.005767175,5.767174924
Inb.6,20,10,0.004202266,4.202265941
Inb.6,20,11,0.011744452,11.74445214
Inb.6,20,12,0.008452654,8.452654238
Inb.6,21,1,0.017243285,17.24328509
Inb.6,21,2,0.016634159,16.63415865
Inb.6,21,3,0.012641224,12.64122445
Inb.6,21,4,0.017449583,17.44958343
Inb.6,21,5,0.01310624,13.10624044
Inb.6,21,6,0.010260814,10.2608143
Inb.6,21,7,0.020111719,20.11171901
Inb.6,21,8,0.009937191,9.937191354
Inb.6,21,9,0.018559689,18.55968875
Inb.6,21,10,0.015459281,15.45928083
Inb.6,21,11,0.009655302,9.655302263
Inb.6,21,12,0.030813797,30.81379683
Inb.6,22,1,0.011904238,11.90423843
Inb.6,22,2,0.02845591,28.45591017
Inb.6,22,3,0.013582523,13.5825228
Inb.6,22,4,0.009141226,9.141225515
Inb.6,22,5,0.013980683,13.98068252
Inb.6,22,6,0.006120687,6.120687217
Inb.6,22,7,0.013891539,13.89153923
Inb.6,22,8,0.007679105,7.679105184
Inb.6,22,9,0.015459281,15.45928083
Inb.6,22,10,0.021212699,21.21269907
Inb.6,22,11,0.011390174,11.39017448
Inb.6,22,12,0.019214677,19.2146772
Inb.6,23,1,0.019269945,19.2699447
Inb.6,23,2,0.020111719,20.11171901
Inb.6,23,3,0.014615386,14.61538631
Inb.6,23,4,0.020225774,20.22577386
Inb.6,23,5,0.018939924,18.93992433
Inb.6,23,6,0.01218734,12.18733997
Inb.6,23,7,0.025017629,25.01762918
Inb.6,23,8,0.010152171,10.15217129
Inb.6,23,9,0.012978306,12.97830625
Inb.6,23,10,0.021988698,21.98869787
Inb.6,23,11,0.019715905,19.71590471
Inb.6,23,12,0.018830761,18.83076077
Inb.6,24,1,0.025816005,25.81600486
Inb.6,24,2,0.035247162,35.24716231
Inb.6,24,3,0.053968437,53.96843663
Inb.6,24,4,0.032040076,32.04007552
Inb.6,24,5,0.036587642,36.58764242
Inb.6,24,6,0.013321328,13.32132766
Inb.6,24,7,0.033538021,33.53802082
Inb.6,24,8,0.01218734,12.18733997
Inb.6,24,9,0.020860791,20.86079056
Inb.6,24,10,0.024365029,24.36502871
Inb.6,24,11,0.022907329,22.90732933
Inb.6,24,12,0.014160112,14.16011157
Inb.6,27,1,0.01239228,12.39227977
Inb.6,27,2,0.007412631,7.412630868
Inb.6,27,3,0.024429772,24.42977188
Inb.6,27,4,0.007890722,7.890722324
Inb.6,27,5,0.013980683,13.98068252
Inb.6,27,6,0.012893481,12.89348099
Inb.6,27,7,0.013321328,13.32132766
Inb.6,27,8,0.013020858,13.02085804
Inb.6,27,9,0.010333672,10.33367188
Inb.6,27,10,0.012893481,12.89348099
Inb.6,27,11,0.015699328,15.69932752
Inb.6,27,12,0.015603013,15.6030129
Inb.6,31,1,0.010554312,10.55431231
Inb.6,31,2,0.011273685,11.27368497
Inb.6,31,3,0.009378795,9.378795137
Inb.6,31,4,0.013626385,13.62638452
Inb.6,31,5,0.013891539,13.89153923
Inb.6,31,6,0.008106192,8.106191945
Inb.6,31,7,0.014523562,14.52356216
Inb.6,31,8,0.018830761,18.83076077
Inb.6,31,9,0.007589583,7.589582844
Inb.6,31,10,0.012683037,12.68303663
Inb.6,31,11,0.014800194,14.80019407
Inb.6,31,12,0.012978306,12.97830625
Inb.6,32,1,0.019884897,19.88489726
Inb.6,32,2,0.013936063,13.93606336
Inb.6,32,3,0.019547872,19.54787234
Inb.6,32,4,0.034101448,34.10144789
Inb.6,32,5,0.010224514,10.22451429
Inb.6,32,6,0.020686305,20.6863053
Inb.6,32,7,0.015699328,15.69932752
Inb.6,32,8,0.02449463,24.49462965
Inb.6,32,9,0.017814553,17.81455306
Inb.6,32,10,0.015363952,15.36395152
Inb.6,32,11,0.021568543,21.56854314
Inb.6,32,12,0.018722017,18.72201748
Inb.6,33,1,0.015033386,15.03338615
Inb.6,33,2,0.012065467,12.06546748
Inb.6,33,3,0.015316434,15.31643418
Inb.6,33,4,0.012724941,12.7249409
Inb.6,33,5,0.01037023,10.37022965
Inb.6,33,6,0.0101883,10.18829998
Inb.6,33,7,0.011507464,11.50746369
Inb.6,33,8,0.006146477,6.146476596
Inb.6,33,9,0.011625555,11.62555534
Inb.6,33,10,0.0101883,10.18829998
Inb.6,33,11,0.012851207,12.85120731
Inb.6,33,12,0.011904238,11.90423843
Inb.6,34,1,0.025614842,25.6148421
Inb.6,34,2,0.026289474,26.28947448
Inb.6,34,3,0.015844541,15.84454135
Inb.6,34,4,0.015699328,15.69932752
Inb.6,34,5,0.014115111,14.11511125
Inb.6,34,6,0.025149532,25.14953205
Inb.6,34,7,0.026221484,26.2214845
Inb.6,34,8,0.014615386,14.61538631
Inb.6,34,9,0.01310624,13.10624044
Inb.6,34,10,0.009690243,9.690243009
Inb.6,34,11,0.010406874,10.40687354
Inb.6,34,12,0.01170473,11.70473024
Inb.6,35,1,0.022049162,22.04916172
Inb.6,35,2,0.014386548,14.38654833
Inb.6,35,3,0.012935847,12.93584726
Inb.6,35,4,0.013191995,13.19199529
Inb.6,35,5,0.012935847,12.93584726
Inb.6,35,6,0.008199724,8.199724012
Inb.6,35,7,0.010116128,10.11612812
Inb.6,35,8,0.015603013,15.6030129
Inb.6,35,9,0.008013374,8.01337386
Inb.6,35,10,0.014432123,14.43212342
Inb.6,35,11,0.016835579,16.83557918
Inb.6,35,12,0.012025025,12.0250246
Inb.6,38,1,0.012106001,12.10600093
Inb.6,38,2,0.009208688,9.208688163
Inb.6,38,3,0.008293973,8.293972796
Inb.6,38,4,0.012228146,12.22814576
Inb.6,38,5,0.015033386,15.03338615
Inb.6,38,6,0.009344608,9.344607582
Inb.6,38,7,0.013670341,13.67034056
Inb.6,38,8,0.015603013,15.6030129
Inb.6,38,9,0.009040651,9.040650591
Inb.6,38,10,0.016886187,16.8861871
Inb.6,38,11,0.01633505,16.33505014
Inb.6,38,12,0.014569426,14.569426
Inb.6,39,1,0.002778902,2.778902263
Inb.6,39,2,0.00779956,7.799559558
Inb.6,39,3,0.007739176,7.73917614
Inb.6,39,4,0.014477795,14.47779466
Inb.6,39,5,0.031730512,31.73051172
Inb.6,39,6,0.015411567,15.41156704
Inb.6,39,7,0.006461621,6.461620669
Inb.6,39,8,0.007152394,7.152393634
Inb.6,39,9,0.01008017,10.08017035
Inb.6,39,10,0.009310503,9.310503208
Inb.6,39,11,0.007267289,7.267289345
Inb.6,39,12,0.00900729,9.00729029
Inb.6,40,1,0.003110774,3.110773539
Inb.6,40,2,0.009620446,9.62044561
Inb.6,40,3,0.008420757,8.420757464
Inb.6,40,4,0.015651121,15.65112082
Inb.6,40,5,0.012025025,12.0250246
Inb.6,40,6,0.004615999,4.615998801
Inb.6,40,7,0.010406874,10.40687354
Inb.6,40,8,0.00867819,8.678189818
Inb.6,40,9,0.016987707,16.98770699
Inb.6,40,10,0.008645728,8.645727795
Inb.6,40,11,0.015555004,15.55500366
Inb.6,40,12,0.011043094,11.04309409
Inb.6,42,1,0.012474895,12.4748947
Inb.6,42,2,0.011390174,11.39017448
Inb.6,42,3,0.010152171,10.15217129
Inb.6,42,4,0.009413066,9.413065974
Inb.6,42,5,0.01608855,16.08854954
Inb.6,42,6,0.010260814,10.2608143
Inb.6,42,7,0.016987707,16.98770699
Inb.6,42,8,0.019659787,19.65978737
Inb.6,42,9,0.018667803,18.66780317
Inb.6,42,10,0.009725268,9.72526795
Inb.6,42,11,0.013408017,13.40801716
Inb.6,42,12,0.020744359,20.74435851
Inb.6,43,1,0.025215657,25.21565699
Inb.6,43,2,0.017397855,17.39785545
Inb.6,43,3,0.027674069,27.67406854
Inb.6,43,4,0.024043028,24.04302812
Inb.6,43,5,0.023723877,23.72387707
Inb.6,43,6,0.033458041,33.45804147
Inb.6,43,7,0.030889506,30.88950637
Inb.6,43,8,0.008645728,8.645727795
Inb.6,43,9,0.003814024,3.814024468
Inb.6,43,10,0.023407563,23.4075629
Inb.6,43,11,0.023660388,23.66038769
Inb.6,43,12,0.027323472,27.32347221
Inb.6,44,1,0.014115111,14.11511125
Inb.6,44,2,0.018505788,18.50578843
Inb.6,44,3,0.016734667,16.73466689
Inb.6,44,4,0.013936063,13.93606336
Inb.6,44,5,0.013451503,13.45150258
Inb.6,44,6,0.014986553,14.98655321
Inb.6,44,7,0.014523562,14.52356216
Inb.6,44,8,0.01384711,13.84711003
Inb.6,44,9,0.015844541,15.84454135
Inb.6,44,10,0.015316434,15.31643418
Inb.6,44,11,0.013408017,13.40801716
Inb.6,44,12,0.012146625,12.14662506
Inb.6,45,1,0.028241239,28.2412395
Inb.6,45,2,0.034589379,34.58937859
Inb.6,45,3,0.023407563,23.4075629
Inb.6,45,4,0.024171486,24.1714857
Inb.6,45,5,0.012683037,12.68303663
Inb.6,45,6,0.015080317,15.08031657
Inb.6,45,7,0.019380797,19.38079742
Inb.6,45,8,0.014205207,14.20520743
Inb.6,45,9,0.011081305,11.08130545
Inb.6,45,10,0.014846638,14.84663816
Inb.6,45,11,0.013802776,13.80277567
Inb.6,45,12,0.012269043,12.26904254